// Auto-generated VLW smooth (anti-aliased) font. Do not edit.
#pragma once
const uint8_t SansMono26Vlw[] PROGMEM = {
  0x00,0x00,0x00,0x5F,0x00,0x00,0x00,0x0B,0x00,0x00,0x00,0x1A,0x00,0x00,0x00,0x00,0x00,0x00,0x00,0x14,
  0x00,0x00,0x00,0x06,0x00,0x00,0x00,0x20,0x00,0x00,0x00,0x00,0x00,0x00,0x00,0x00,0x00,0x00,0x00,0x10,
  0x00,0x00,0x00,0x00,0x00,0x00,0x00,0x00,0x00,0x00,0x00,0x00,0x00,0x00,0x00,0x21,0x00,0x00,0x00,0x12,
  0x00,0x00,0x00,0x04,0x00,0x00,0x00,0x10,0x00,0x00,0x00,0x12,0x00,0x00,0x00,0x06,0x00,0x00,0x00,0x00,
  0x00,0x00,0x00,0x22,0x00,0x00,0x00,0x07,0x00,0x00,0x00,0x08,0x00,0x00,0x00,0x10,0x00,0x00,0x00,0x12,
  0x00,0x00,0x00,0x04,0x00,0x00,0x00,0x00,0x00,0x00,0x00,0x23,0x00,0x00,0x00,0x12,0x00,0x00,0x00,0x10,
  0x00,0x00,0x00,0x10,0x00,0x00,0x00,0x12,0x00,0x00,0x00,0x00,0x00,0x00,0x00,0x00,0x00,0x00,0x00,0x24,
  0x00,0x00,0x00,0x15,0x00,0x00,0x00,0x0C,0x00,0x00,0x00,0x10,0x00,0x00,0x00,0x13,0x00,0x00,0x00,0x02,
  0x00,0x00,0x00,0x00,0x00,0x00,0x00,0x25,0x00,0x00,0x00,0x12,0x00,0x00,0x00,0x10,0x00,0x00,0x00,0x10,
  0x00,0x00,0x00,0x12,0x00,0x00,0x00,0x00,0x00,0x00,0x00,0x00,0x00,0x00,0x00,0x26,0x00,0x00,0x00,0x12,
  0x00,0x00,0x00,0x0F,0x00,0x00,0x00,0x10,0x00,0x00,0x00,0x12,0x00,0x00,0x00,0x01,0x00,0x00,0x00,0x00,
  0x00,0x00,0x00,0x27,0x00,0x00,0x00,0x07,0x00,0x00,0x00,0x03,0x00,0x00,0x00,0x10,0x00,0x00,0x00,0x12,
  0x00,0x00,0x00,0x06,0x00,0x00,0x00,0x00,0x00,0x00,0x00,0x28,0x00,0x00,0x00,0x17,0x00,0x00,0x00,0x07,
  0x00,0x00,0x00,0x10,0x00,0x00,0x00,0x12,0x00,0x00,0x00,0x05,0x00,0x00,0x00,0x00,0x00,0x00,0x00,0x29,
  0x00,0x00,0x00,0x17,0x00,0x00,0x00,0x07,0x00,0x00,0x00,0x10,0x00,0x00,0x00,0x13,0x00,0x00,0x00,0x04,
  0x00,0x00,0x00,0x00,0x00,0x00,0x00,0x2A,0x00,0x00,0x00,0x0B,0x00,0x00,0x00,0x0C,0x00,0x00,0x00,0x10,
  0x00,0x00,0x00,0x13,0x00,0x00,0x00,0x02,0x00,0x00,0x00,0x00,0x00,0x00,0x00,0x2B,0x00,0x00,0x00,0x0C,
  0x00,0x00,0x00,0x0C,0x00,0x00,0x00,0x10,0x00,0x00,0x00,0x0F,0x00,0x00,0x00,0x02,0x00,0x00,0x00,0x00,
  0x00,0x00,0x00,0x2C,0x00,0x00,0x00,0x07,0x00,0x00,0x00,0x05,0x00,0x00,0x00,0x10,0x00,0x00,0x00,0x03,
  0x00,0x00,0x00,0x05,0x00,0x00,0x00,0x00,0x00,0x00,0x00,0x2D,0x00,0x00,0x00,0x02,0x00,0x00,0x00,0x09,
  0x00,0x00,0x00,0x10,0x00,0x00,0x00,0x08,0x00,0x00,0x00,0x03,0x00,0x00,0x00,0x00,0x00,0x00,0x00,0x2E,
  0x00,0x00,0x00,0x03,0x00,0x00,0x00,0x04,0x00,0x00,0x00,0x10,0x00,0x00,0x00,0x03,0x00,0x00,0x00,0x06,
  0x00,0x00,0x00,0x00,0x00,0x00,0x00,0x2F,0x00,0x00,0x00,0x12,0x00,0x00,0x00,0x0A,0x00,0x00,0x00,0x10,
  0x00,0x00,0x00,0x12,0x00,0x00,0x00,0x03,0x00,0x00,0x00,0x00,0x00,0x00,0x00,0x30,0x00,0x00,0x00,0x12,
  0x00,0x00,0x00,0x0E,0x00,0x00,0x00,0x10,0x00,0x00,0x00,0x12,0x00,0x00,0x00,0x01,0x00,0x00,0x00,0x00,
  0x00,0x00,0x00,0x31,0x00,0x00,0x00,0x12,0x00,0x00,0x00,0x0C,0x00,0x00,0x00,0x10,0x00,0x00,0x00,0x12,
  0x00,0x00,0x00,0x02,0x00,0x00,0x00,0x00,0x00,0x00,0x00,0x32,0x00,0x00,0x00,0x12,0x00,0x00,0x00,0x0E,
  0x00,0x00,0x00,0x10,0x00,0x00,0x00,0x12,0x00,0x00,0x00,0x01,0x00,0x00,0x00,0x00,0x00,0x00,0x00,0x33,
  0x00,0x00,0x00,0x12,0x00,0x00,0x00,0x0D,0x00,0x00,0x00,0x10,0x00,0x00,0x00,0x12,0x00,0x00,0x00,0x01,
  0x00,0x00,0x00,0x00,0x00,0x00,0x00,0x34,0x00,0x00,0x00,0x12,0x00,0x00,0x00,0x0E,0x00,0x00,0x00,0x10,
  0x00,0x00,0x00,0x12,0x00,0x00,0x00,0x01,0x00,0x00,0x00,0x00,0x00,0x00,0x00,0x35,0x00,0x00,0x00,0x12,
  0x00,0x00,0x00,0x0C,0x00,0x00,0x00,0x10,0x00,0x00,0x00,0x12,0x00,0x00,0x00,0x02,0x00,0x00,0x00,0x00,
  0x00,0x00,0x00,0x36,0x00,0x00,0x00,0x12,0x00,0x00,0x00,0x0E,0x00,0x00,0x00,0x10,0x00,0x00,0x00,0x12,
  0x00,0x00,0x00,0x01,0x00,0x00,0x00,0x00,0x00,0x00,0x00,0x37,0x00,0x00,0x00,0x12,0x00,0x00,0x00,0x0E,
  0x00,0x00,0x00,0x10,0x00,0x00,0x00,0x12,0x00,0x00,0x00,0x01,0x00,0x00,0x00,0x00,0x00,0x00,0x00,0x38,
  0x00,0x00,0x00,0x12,0x00,0x00,0x00,0x0D,0x00,0x00,0x00,0x10,0x00,0x00,0x00,0x12,0x00,0x00,0x00,0x01,
  0x00,0x00,0x00,0x00,0x00,0x00,0x00,0x39,0x00,0x00,0x00,0x12,0x00,0x00,0x00,0x0E,0x00,0x00,0x00,0x10,
  0x00,0x00,0x00,0x12,0x00,0x00,0x00,0x01,0x00,0x00,0x00,0x00,0x00,0x00,0x00,0x3A,0x00,0x00,0x00,0x0E,
  0x00,0x00,0x00,0x04,0x00,0x00,0x00,0x10,0x00,0x00,0x00,0x0E,0x00,0x00,0x00,0x06,0x00,0x00,0x00,0x00,
  0x00,0x00,0x00,0x3B,0x00,0x00,0x00,0x12,0x00,0x00,0x00,0x05,0x00,0x00,0x00,0x10,0x00,0x00,0x00,0x0E,
  0x00,0x00,0x00,0x05,0x00,0x00,0x00,0x00,0x00,0x00,0x00,0x3C,0x00,0x00,0x00,0x0D,0x00,0x00,0x00,0x0C,
  0x00,0x00,0x00,0x10,0x00,0x00,0x00,0x10,0x00,0x00,0x00,0x02,0x00,0x00,0x00,0x00,0x00,0x00,0x00,0x3D,
  0x00,0x00,0x00,0x07,0x00,0x00,0x00,0x0D,0x00,0x00,0x00,0x10,0x00,0x00,0x00,0x0D,0x00,0x00,0x00,0x01,
  0x00,0x00,0x00,0x00,0x00,0x00,0x00,0x3E,0x00,0x00,0x00,0x0D,0x00,0x00,0x00,0x0C,0x00,0x00,0x00,0x10,
  0x00,0x00,0x00,0x10,0x00,0x00,0x00,0x02,0x00,0x00,0x00,0x00,0x00,0x00,0x00,0x3F,0x00,0x00,0x00,0x12,
  0x00,0x00,0x00,0x0C,0x00,0x00,0x00,0x10,0x00,0x00,0x00,0x12,0x00,0x00,0x00,0x02,0x00,0x00,0x00,0x00,
  0x00,0x00,0x00,0x40,0x00,0x00,0x00,0x14,0x00,0x00,0x00,0x10,0x00,0x00,0x00,0x10,0x00,0x00,0x00,0x12,
  0x00,0x00,0x00,0x00,0x00,0x00,0x00,0x00,0x00,0x00,0x00,0x41,0x00,0x00,0x00,0x12,0x00,0x00,0x00,0x10,
  0x00,0x00,0x00,0x10,0x00,0x00,0x00,0x12,0x00,0x00,0x00,0x00,0x00,0x00,0x00,0x00,0x00,0x00,0x00,0x42,
  0x00,0x00,0x00,0x12,0x00,0x00,0x00,0x0D,0x00,0x00,0x00,0x10,0x00,0x00,0x00,0x12,0x00,0x00,0x00,0x02,
  0x00,0x00,0x00,0x00,0x00,0x00,0x00,0x43,0x00,0x00,0x00,0x12,0x00,0x00,0x00,0x0E,0x00,0x00,0x00,0x10,
  0x00,0x00,0x00,0x12,0x00,0x00,0x00,0x01,0x00,0x00,0x00,0x00,0x00,0x00,0x00,0x44,0x00,0x00,0x00,0x12,
  0x00,0x00,0x00,0x0E,0x00,0x00,0x00,0x10,0x00,0x00,0x00,0x12,0x00,0x00,0x00,0x01,0x00,0x00,0x00,0x00,
  0x00,0x00,0x00,0x45,0x00,0x00,0x00,0x12,0x00,0x00,0x00,0x0C,0x00,0x00,0x00,0x10,0x00,0x00,0x00,0x12,
  0x00,0x00,0x00,0x02,0x00,0x00,0x00,0x00,0x00,0x00,0x00,0x46,0x00,0x00,0x00,0x12,0x00,0x00,0x00,0x0C,
  0x00,0x00,0x00,0x10,0x00,0x00,0x00,0x12,0x00,0x00,0x00,0x02,0x00,0x00,0x00,0x00,0x00,0x00,0x00,0x47,
  0x00,0x00,0x00,0x12,0x00,0x00,0x00,0x0D,0x00,0x00,0x00,0x10,0x00,0x00,0x00,0x12,0x00,0x00,0x00,0x01,
  0x00,0x00,0x00,0x00,0x00,0x00,0x00,0x48,0x00,0x00,0x00,0x12,0x00,0x00,0x00,0x0D,0x00,0x00,0x00,0x10,
  0x00,0x00,0x00,0x12,0x00,0x00,0x00,0x01,0x00,0x00,0x00,0x00,0x00,0x00,0x00,0x49,0x00,0x00,0x00,0x12,
  0x00,0x00,0x00,0x0B,0x00,0x00,0x00,0x10,0x00,0x00,0x00,0x12,0x00,0x00,0x00,0x02,0x00,0x00,0x00,0x00,
  0x00,0x00,0x00,0x4A,0x00,0x00,0x00,0x12,0x00,0x00,0x00,0x0B,0x00,0x00,0x00,0x10,0x00,0x00,0x00,0x12,
  0x00,0x00,0x00,0x02,0x00,0x00,0x00,0x00,0x00,0x00,0x00,0x4B,0x00,0x00,0x00,0x12,0x00,0x00,0x00,0x0E,
  0x00,0x00,0x00,0x10,0x00,0x00,0x00,0x12,0x00,0x00,0x00,0x01,0x00,0x00,0x00,0x00,0x00,0x00,0x00,0x4C,
  0x00,0x00,0x00,0x12,0x00,0x00,0x00,0x0C,0x00,0x00,0x00,0x10,0x00,0x00,0x00,0x12,0x00,0x00,0x00,0x02,
  0x00,0x00,0x00,0x00,0x00,0x00,0x00,0x4D,0x00,0x00,0x00,0x12,0x00,0x00,0x00,0x0E,0x00,0x00,0x00,0x10,
  0x00,0x00,0x00,0x12,0x00,0x00,0x00,0x01,0x00,0x00,0x00,0x00,0x00,0x00,0x00,0x4E,0x00,0x00,0x00,0x12,
  0x00,0x00,0x00,0x0D,0x00,0x00,0x00,0x10,0x00,0x00,0x00,0x12,0x00,0x00,0x00,0x01,0x00,0x00,0x00,0x00,
  0x00,0x00,0x00,0x4F,0x00,0x00,0x00,0x12,0x00,0x00,0x00,0x0E,0x00,0x00,0x00,0x10,0x00,0x00,0x00,0x12,
  0x00,0x00,0x00,0x01,0x00,0x00,0x00,0x00,0x00,0x00,0x00,0x50,0x00,0x00,0x00,0x12,0x00,0x00,0x00,0x0D,
  0x00,0x00,0x00,0x10,0x00,0x00,0x00,0x12,0x00,0x00,0x00,0x02,0x00,0x00,0x00,0x00,0x00,0x00,0x00,0x51,
  0x00,0x00,0x00,0x17,0x00,0x00,0x00,0x0E,0x00,0x00,0x00,0x10,0x00,0x00,0x00,0x12,0x00,0x00,0x00,0x01,
  0x00,0x00,0x00,0x00,0x00,0x00,0x00,0x52,0x00,0x00,0x00,0x12,0x00,0x00,0x00,0x0D,0x00,0x00,0x00,0x10,
  0x00,0x00,0x00,0x12,0x00,0x00,0x00,0x02,0x00,0x00,0x00,0x00,0x00,0x00,0x00,0x53,0x00,0x00,0x00,0x12,
  0x00,0x00,0x00,0x0C,0x00,0x00,0x00,0x10,0x00,0x00,0x00,0x12,0x00,0x00,0x00,0x02,0x00,0x00,0x00,0x00,
  0x00,0x00,0x00,0x54,0x00,0x00,0x00,0x12,0x00,0x00,0x00,0x0E,0x00,0x00,0x00,0x10,0x00,0x00,0x00,0x12,
  0x00,0x00,0x00,0x01,0x00,0x00,0x00,0x00,0x00,0x00,0x00,0x55,0x00,0x00,0x00,0x12,0x00,0x00,0x00,0x0D,
  0x00,0x00,0x00,0x10,0x00,0x00,0x00,0x12,0x00,0x00,0x00,0x01,0x00,0x00,0x00,0x00,0x00,0x00,0x00,0x56,
  0x00,0x00,0x00,0x12,0x00,0x00,0x00,0x0F,0x00,0x00,0x00,0x10,0x00,0x00,0x00,0x12,0x00,0x00,0x00,0x00,
  0x00,0x00,0x00,0x00,0x00,0x00,0x00,0x57,0x00,0x00,0x00,0x12,0x00,0x00,0x00,0x0F,0x00,0x00,0x00,0x10,
  0x00,0x00,0x00,0x12,0x00,0x00,0x00,0x00,0x00,0x00,0x00,0x00,0x00,0x00,0x00,0x58,0x00,0x00,0x00,0x12,
  0x00,0x00,0x00,0x0F,0x00,0x00,0x00,0x10,0x00,0x00,0x00,0x12,0x00,0x00,0x00,0x00,0x00,0x00,0x00,0x00,
  0x00,0x00,0x00,0x59,0x00,0x00,0x00,0x12,0x00,0x00,0x00,0x0F,0x00,0x00,0x00,0x10,0x00,0x00,0x00,0x12,
  0x00,0x00,0x00,0x00,0x00,0x00,0x00,0x00,0x00,0x00,0x00,0x5A,0x00,0x00,0x00,0x12,0x00,0x00,0x00,0x0C,
  0x00,0x00,0x00,0x10,0x00,0x00,0x00,0x12,0x00,0x00,0x00,0x02,0x00,0x00,0x00,0x00,0x00,0x00,0x00,0x5B,
  0x00,0x00,0x00,0x16,0x00,0x00,0x00,0x07,0x00,0x00,0x00,0x10,0x00,0x00,0x00,0x12,0x00,0x00,0x00,0x06,
  0x00,0x00,0x00,0x00,0x00,0x00,0x00,0x5C,0x00,0x00,0x00,0x12,0x00,0x00,0x00,0x0A,0x00,0x00,0x00,0x10,
  0x00,0x00,0x00,0x12,0x00,0x00,0x00,0x03,0x00,0x00,0x00,0x00,0x00,0x00,0x00,0x5D,0x00,0x00,0x00,0x16,
  0x00,0x00,0x00,0x07,0x00,0x00,0x00,0x10,0x00,0x00,0x00,0x13,0x00,0x00,0x00,0x03,0x00,0x00,0x00,0x00,
  0x00,0x00,0x00,0x5E,0x00,0x00,0x00,0x0C,0x00,0x00,0x00,0x0E,0x00,0x00,0x00,0x10,0x00,0x00,0x00,0x13,
  0x00,0x00,0x00,0x01,0x00,0x00,0x00,0x00,0x00,0x00,0x00,0x5F,0x00,0x00,0x00,0x02,0x00,0x00,0x00,0x10,
  0x00,0x00,0x00,0x10,0xFF,0xFF,0xFF,0xFE,0x00,0x00,0x00,0x00,0x00,0x00,0x00,0x00,0x00,0x00,0x00,0x60,
  0x00,0x00,0x00,0x04,0x00,0x00,0x00,0x07,0x00,0x00,0x00,0x10,0x00,0x00,0x00,0x14,0x00,0x00,0x00,0x04,
  0x00,0x00,0x00,0x00,0x00,0x00,0x00,0x61,0x00,0x00,0x00,0x0E,0x00,0x00,0x00,0x0D,0x00,0x00,0x00,0x10,
  0x00,0x00,0x00,0x0E,0x00,0x00,0x00,0x01,0x00,0x00,0x00,0x00,0x00,0x00,0x00,0x62,0x00,0x00,0x00,0x13,
  0x00,0x00,0x00,0x0D,0x00,0x00,0x00,0x10,0x00,0x00,0x00,0x13,0x00,0x00,0x00,0x02,0x00,0x00,0x00,0x00,
  0x00,0x00,0x00,0x63,0x00,0x00,0x00,0x0E,0x00,0x00,0x00,0x0C,0x00,0x00,0x00,0x10,0x00,0x00,0x00,0x0E,
  0x00,0x00,0x00,0x02,0x00,0x00,0x00,0x00,0x00,0x00,0x00,0x64,0x00,0x00,0x00,0x13,0x00,0x00,0x00,0x0D,
  0x00,0x00,0x00,0x10,0x00,0x00,0x00,0x13,0x00,0x00,0x00,0x01,0x00,0x00,0x00,0x00,0x00,0x00,0x00,0x65,
  0x00,0x00,0x00,0x0E,0x00,0x00,0x00,0x0E,0x00,0x00,0x00,0x10,0x00,0x00,0x00,0x0E,0x00,0x00,0x00,0x01,
  0x00,0x00,0x00,0x00,0x00,0x00,0x00,0x66,0x00,0x00,0x00,0x13,0x00,0x00,0x00,0x0E,0x00,0x00,0x00,0x10,
  0x00,0x00,0x00,0x13,0x00,0x00,0x00,0x01,0x00,0x00,0x00,0x00,0x00,0x00,0x00,0x67,0x00,0x00,0x00,0x14,
  0x00,0x00,0x00,0x0D,0x00,0x00,0x00,0x10,0x00,0x00,0x00,0x0E,0x00,0x00,0x00,0x01,0x00,0x00,0x00,0x00,
  0x00,0x00,0x00,0x68,0x00,0x00,0x00,0x13,0x00,0x00,0x00,0x0C,0x00,0x00,0x00,0x10,0x00,0x00,0x00,0x13,
  0x00,0x00,0x00,0x02,0x00,0x00,0x00,0x00,0x00,0x00,0x00,0x69,0x00,0x00,0x00,0x13,0x00,0x00,0x00,0x0D,
  0x00,0x00,0x00,0x10,0x00,0x00,0x00,0x13,0x00,0x00,0x00,0x02,0x00,0x00,0x00,0x00,0x00,0x00,0x00,0x6A,
  0x00,0x00,0x00,0x19,0x00,0x00,0x00,0x0A,0x00,0x00,0x00,0x10,0x00,0x00,0x00,0x13,0x00,0x00,0x00,0x01,
  0x00,0x00,0x00,0x00,0x00,0x00,0x00,0x6B,0x00,0x00,0x00,0x13,0x00,0x00,0x00,0x0D,0x00,0x00,0x00,0x10,
  0x00,0x00,0x00,0x13,0x00,0x00,0x00,0x02,0x00,0x00,0x00,0x00,0x00,0x00,0x00,0x6C,0x00,0x00,0x00,0x13,
  0x00,0x00,0x00,0x0D,0x00,0x00,0x00,0x10,0x00,0x00,0x00,0x13,0x00,0x00,0x00,0x02,0x00,0x00,0x00,0x00,
  0x00,0x00,0x00,0x6D,0x00,0x00,0x00,0x0E,0x00,0x00,0x00,0x0E,0x00,0x00,0x00,0x10,0x00,0x00,0x00,0x0E,
  0x00,0x00,0x00,0x01,0x00,0x00,0x00,0x00,0x00,0x00,0x00,0x6E,0x00,0x00,0x00,0x0E,0x00,0x00,0x00,0x0C,
  0x00,0x00,0x00,0x10,0x00,0x00,0x00,0x0E,0x00,0x00,0x00,0x02,0x00,0x00,0x00,0x00,0x00,0x00,0x00,0x6F,
  0x00,0x00,0x00,0x0E,0x00,0x00,0x00,0x0E,0x00,0x00,0x00,0x10,0x00,0x00,0x00,0x0E,0x00,0x00,0x00,0x01,
  0x00,0x00,0x00,0x00,0x00,0x00,0x00,0x70,0x00,0x00,0x00,0x14,0x00,0x00,0x00,0x0D,0x00,0x00,0x00,0x10,
  0x00,0x00,0x00,0x0E,0x00,0x00,0x00,0x02,0x00,0x00,0x00,0x00,0x00,0x00,0x00,0x71,0x00,0x00,0x00,0x14,
  0x00,0x00,0x00,0x0D,0x00,0x00,0x00,0x10,0x00,0x00,0x00,0x0E,0x00,0x00,0x00,0x01,0x00,0x00,0x00,0x00,
  0x00,0x00,0x00,0x72,0x00,0x00,0x00,0x0E,0x00,0x00,0x00,0x0E,0x00,0x00,0x00,0x10,0x00,0x00,0x00,0x0E,
  0x00,0x00,0x00,0x01,0x00,0x00,0x00,0x00,0x00,0x00,0x00,0x73,0x00,0x00,0x00,0x0E,0x00,0x00,0x00,0x0B,
  0x00,0x00,0x00,0x10,0x00,0x00,0x00,0x0E,0x00,0x00,0x00,0x02,0x00,0x00,0x00,0x00,0x00,0x00,0x00,0x74,
  0x00,0x00,0x00,0x12,0x00,0x00,0x00,0x0D,0x00,0x00,0x00,0x10,0x00,0x00,0x00,0x12,0x00,0x00,0x00,0x01,
  0x00,0x00,0x00,0x00,0x00,0x00,0x00,0x75,0x00,0x00,0x00,0x0E,0x00,0x00,0x00,0x0D,0x00,0x00,0x00,0x10,
  0x00,0x00,0x00,0x0E,0x00,0x00,0x00,0x01,0x00,0x00,0x00,0x00,0x00,0x00,0x00,0x76,0x00,0x00,0x00,0x0E,
  0x00,0x00,0x00,0x0E,0x00,0x00,0x00,0x10,0x00,0x00,0x00,0x0E,0x00,0x00,0x00,0x01,0x00,0x00,0x00,0x00,
  0x00,0x00,0x00,0x77,0x00,0x00,0x00,0x0E,0x00,0x00,0x00,0x10,0x00,0x00,0x00,0x10,0x00,0x00,0x00,0x0E,
  0x00,0x00,0x00,0x00,0x00,0x00,0x00,0x00,0x00,0x00,0x00,0x78,0x00,0x00,0x00,0x0E,0x00,0x00,0x00,0x0E,
  0x00,0x00,0x00,0x10,0x00,0x00,0x00,0x0E,0x00,0x00,0x00,0x01,0x00,0x00,0x00,0x00,0x00,0x00,0x00,0x79,
  0x00,0x00,0x00,0x14,0x00,0x00,0x00,0x0E,0x00,0x00,0x00,0x10,0x00,0x00,0x00,0x0E,0x00,0x00,0x00,0x01,
  0x00,0x00,0x00,0x00,0x00,0x00,0x00,0x7A,0x00,0x00,0x00,0x0E,0x00,0x00,0x00,0x0C,0x00,0x00,0x00,0x10,
  0x00,0x00,0x00,0x0E,0x00,0x00,0x00,0x02,0x00,0x00,0x00,0x00,0x00,0x00,0x00,0x7B,0x00,0x00,0x00,0x16,
  0x00,0x00,0x00,0x09,0x00,0x00,0x00,0x10,0x00,0x00,0x00,0x12,0x00,0x00,0x00,0x03,0x00,0x00,0x00,0x00,
  0x00,0x00,0x00,0x7C,0x00,0x00,0x00,0x19,0x00,0x00,0x00,0x03,0x00,0x00,0x00,0x10,0x00,0x00,0x00,0x13,
  0x00,0x00,0x00,0x06,0x00,0x00,0x00,0x00,0x00,0x00,0x00,0x7D,0x00,0x00,0x00,0x16,0x00,0x00,0x00,0x09,
  0x00,0x00,0x00,0x10,0x00,0x00,0x00,0x12,0x00,0x00,0x00,0x03,0x00,0x00,0x00,0x00,0x00,0x00,0x00,0x7E,
  0x00,0x00,0x00,0x05,0x00,0x00,0x00,0x0D,0x00,0x00,0x00,0x10,0x00,0x00,0x00,0x0C,0x00,0x00,0x00,0x01,
  0x00,0x00,0x00,0x00,0x98,0xFF,0xFF,0x37,0x90,0xFF,0xFF,0x2F,0x88,0xFF,0xFF,0x27,0x7F,0xFF,0xFF,0x1E,
  0x77,0xFF,0xFF,0x16,0x6F,0xFF,0xFF,0x0E,0x66,0xFF,0xFF,0x05,0x5E,0xFF,0xFD,0x00,0x56,0xFF,0xF5,0x00,
  0x4D,0xFF,0xEC,0x00,0x45,0xFF,0xE4,0x00,0x3D,0xFF,0xDC,0x00,0x34,0xFF,0xD4,0x00,0x00,0x00,0x00,0x00,
  0x00,0x00,0x00,0x00,0x6B,0xF3,0xD8,0x1E,0xC5,0xFF,0xFF,0x5D,0x68,0xF2,0xD7,0x1C,0xCF,0xFF,0x96,0x00,
  0x01,0xFD,0xFF,0x66,0xBB,0xFF,0x83,0x00,0x00,0xEC,0xFF,0x53,0xA8,0xFF,0x70,0x00,0x00,0xD9,0xFF,0x40,
  0x94,0xFF,0x5D,0x00,0x00,0xC6,0xFF,0x2D,0x81,0xFF,0x4A,0x00,0x00,0xB3,0xFF,0x1A,0x6D,0xFF,0x37,0x00,
  0x00,0xA0,0xFF,0x08,0x5A,0xFF,0x25,0x00,0x00,0x8D,0xF5,0x00,0x00,0x00,0x00,0x00,0x00,0x02,0xF4,0xE8,
  0x00,0x00,0x00,0xDF,0xEC,0x00,0x00,0x00,0x00,0x00,0x00,0x00,0x00,0x2D,0xFF,0xB3,0x00,0x00,0x15,0xFF,
  0xB7,0x00,0x00,0x00,0x00,0x00,0x00,0x00,0x00,0x62,0xFF,0x7D,0x00,0x00,0x4A,0xFF,0x81,0x00,0x00,0x00,
  0x00,0x00,0x00,0x00,0x00,0x98,0xFF,0x48,0x00,0x00,0x80,0xFF,0x4C,0x00,0x00,0x00,0x00,0x00,0x00,0x00,
  0x00,0xCD,0xFF,0x13,0x00,0x00,0xB5,0xFF,0x16,0x00,0x00,0x00,0x00,0x84,0xFF,0xFF,0xFF,0xFF,0xFF,0xFF,
  0xFF,0xFF,0xFF,0xFF,0xFF,0xFF,0xFF,0x14,0x00,0x73,0xE0,0xE0,0xE7,0xFF,0xF3,0xE0,0xE0,0xE6,0xFF,0xF4,
  0xE0,0xE0,0xE0,0x11,0x00,0x00,0x00,0x00,0x58,0xFF,0x7C,0x00,0x00,0x53,0xFF,0x84,0x00,0x00,0x00,0x00,
  0x00,0x00,0x00,0x00,0x8C,0xFF,0x49,0x00,0x00,0x85,0xFF,0x53,0x00,0x00,0x00,0x00,0x00,0x00,0x00,0x00,
  0xBF,0xFF,0x17,0x00,0x00,0xB6,0xFF,0x21,0x00,0x00,0x00,0x00,0x00,0x00,0x00,0x01,0xF0,0xE5,0x00,0x00,
  0x00,0xE7,0xEF,0x00,0x00,0x00,0x00,0x00,0x7C,0xFF,0xFF,0xFF,0xFF,0xFF,0xFF,0xFF,0xFF,0xFF,0xFF,0xFF,
  0xFF,0xFF,0x34,0x00,0x6C,0xE0,0xE0,0xEC,0xFF,0xEE,0xE0,0xE0,0xEB,0xFF,0xEF,0xE0,0xE0,0xE0,0x2D,0x00,
  0x00,0x00,0x00,0x83,0xFF,0x54,0x00,0x00,0x79,0xFF,0x5E,0x00,0x00,0x00,0x00,0x00,0x00,0x00,0x00,0xB4,
  0xFF,0x22,0x00,0x00,0xAE,0xFF,0x29,0x00,0x00,0x00,0x00,0x00,0x00,0x00,0x00,0xE5,0xEF,0x00,0x00,0x00,
  0xE3,0xF2,0x02,0x00,0x00,0x00,0x00,0x00,0x00,0x00,0x16,0xFF,0xBE,0x00,0x00,0x18,0xFF,0xBF,0x00,0x00,
  0x00,0x00,0x00,0x00,0x00,0x00,0x47,0xFF,0x8C,0x00,0x00,0x4D,0xFF,0x8A,0x00,0x00,0x00,0x00,0x00,0x00,
  0x00,0x00,0x00,0x00,0x28,0xFF,0x80,0x00,0x00,0x00,0x00,0x00,0x00,0x00,0x00,0x00,0x30,0xFF,0x89,0x07,
  0x00,0x00,0x00,0x00,0x00,0x08,0x7D,0xDB,0xFF,0xFF,0xFF,0xFE,0xD9,0x86,0x26,0x00,0x0C,0xCB,0xFF,0xFF,
  0xFF,0xFF,0xFF,0xFF,0xFF,0xFF,0x9E,0x00,0x83,0xFF,0xF8,0x73,0x45,0xFF,0x83,0x29,0x5E,0xB3,0x3E,0x00,
  0xD2,0xFF,0x8B,0x00,0x28,0xFF,0x80,0x00,0x00,0x00,0x00,0x00,0xE7,0xFF,0x5A,0x00,0x28,0xFF,0x80,0x00,
  0x00,0x00,0x00,0x00,0xCC,0xFF,0x8E,0x00,0x28,0xFF,0x80,0x00,0x00,0x00,0x00,0x00,0x75,0xFF,0xFB,0x84,
  0x42,0xFF,0x80,0x00,0x00,0x00,0x00,0x00,0x04,0xAA,0xFF,0xFF,0xFF,0xFF,0xA5,0x10,0x00,0x00,0x00,0x00,
  0x00,0x00,0x58,0xD5,0xFF,0xFF,0xFF,0xFA,0xAA,0x31,0x00,0x00,0x00,0x00,0x00,0x00,0x51,0xFF,0xFC,0xFF,
  0xFF,0xFC,0x6C,0x00,0x00,0x00,0x00,0x00,0x28,0xFF,0x81,0x39,0xBA,0xFF,0xFD,0x23,0x00,0x00,0x00,0x00,
  0x28,0xFF,0x80,0x00,0x07,0xE4,0xFF,0x6B,0x00,0x00,0x00,0x00,0x28,0xFF,0x80,0x00,0x00,0xC4,0xFF,0x7C,
  0x01,0x00,0x00,0x00,0x28,0xFF,0x80,0x00,0x1A,0xF4,0xFF,0x54,0x9A,0x9A,0x4E,0x1C,0x2D,0xFF,0x97,0x61,
  0xDC,0xFF,0xD6,0x06,0xA8,0xFF,0xFF,0xFF,0xFF,0xFF,0xFF,0xFF,0xFF,0xCC,0x1F,0x00,0x23,0x78,0xAD,0xC4,
  0xDD,0xFF,0xDE,0x99,0x4C,0x01,0x00,0x00,0x00,0x00,0x00,0x00,0x28,0xFF,0x80,0x00,0x00,0x00,0x00,0x00,
  0x00,0x00,0x00,0x00,0x27,0xFC,0x7E,0x00,0x00,0x00,0x00,0x00,0x00,0x56,0xD0,0xF9,0xE8,0x91,0x0A,0x00,
  0x00,0x00,0x02,0xD7,0xFD,0x2B,0x00,0x00,0x45,0xFF,0xFF,0xEC,0xFA,0xFF,0xB8,0x00,0x00,0x00,0x5E,0xFF,
  0xA6,0x00,0x00,0x00,0xC2,0xFF,0x5D,0x00,0x15,0xDD,0xFF,0x36,0x00,0x04,0xDC,0xFC,0x26,0x00,0x00,0x00,
  0xED,0xF8,0x01,0x00,0x00,0x91,0xFF,0x66,0x00,0x65,0xFF,0x9E,0x00,0x00,0x00,0x00,0xF6,0xF9,0x02,0x00,
  0x00,0x93,0xFF,0x65,0x06,0xE1,0xFA,0x20,0x00,0x00,0x00,0x00,0xC6,0xFF,0x64,0x00,0x17,0xE1,0xFF,0x37,
  0x6C,0xFF,0x97,0x00,0x00,0x00,0x00,0x00,0x4B,0xFE,0xFF,0xEC,0xFB,0xFF,0xBE,0x09,0xE6,0xF7,0x1B,0x00,
  0x00,0x00,0x00,0x00,0x00,0x4E,0xCE,0xFA,0xEA,0x97,0x0E,0x73,0xFF,0x8F,0x00,0x00,0x00,0x00,0x00,0x00,
  0x00,0x00,0x00,0x00,0x00,0x00,0x0C,0xEA,0xF4,0x16,0x00,0x00,0x00,0x00,0x00,0x00,0x00,0x00,0x00,0x00,
  0x00,0x00,0x7A,0xFF,0x87,0x1D,0x9C,0xD6,0xCD,0x7C,0x06,0x00,0x00,0x00,0x00,0x00,0x00,0x0F,0xEE,0xF1,
  0x1F,0xE4,0xFF,0xFF,0xFF,0xFF,0xAF,0x00,0x00,0x00,0x00,0x00,0x00,0x81,0xFF,0x80,0x7B,0xFF,0xB2,0x14,
  0x28,0xDD,0xFF,0x3E,0x00,0x00,0x00,0x00,0x12,0xF1,0xED,0x0E,0xB5,0xFF,0x37,0x00,0x00,0x78,0xFF,0x7F,
  0x00,0x00,0x00,0x00,0x88,0xFF,0x78,0x00,0xD1,0xFF,0x1E,0x00,0x00,0x5E,0xFF,0x93,0x00,0x00,0x00,0x16,
  0xF4,0xE9,0x0B,0x00,0xC4,0xFF,0x33,0x00,0x00,0x74,0xFF,0x83,0x00,0x00,0x00,0x8F,0xFF,0x71,0x00,0x00,
  0x89,0xFF,0xA2,0x02,0x10,0xD3,0xFF,0x4A,0x00,0x00,0x1B,0xF7,0xE4,0x08,0x00,0x00,0x1B,0xED,0xFF,0xF2,
  0xF9,0xFF,0xCA,0x03,0x00,0x00,0x96,0xFF,0x69,0x00,0x00,0x00,0x00,0x2A,0xB9,0xF6,0xEE,0xA2,0x13,0x00,
  0x00,0x00,0x0D,0x8A,0xD9,0xF5,0xD7,0x82,0x09,0x00,0x00,0x00,0x00,0x00,0x00,0x00,0x02,0xC9,0xFF,0xFE,
  0xEA,0xFE,0xFF,0xBC,0x00,0x00,0x00,0x00,0x00,0x00,0x00,0x45,0xFF,0xF7,0x34,0x00,0x37,0xF8,0xFF,0x39,
  0x00,0x00,0x00,0x00,0x00,0x00,0x66,0xFF,0xBF,0x00,0x00,0x00,0xC8,0xFF,0x58,0x00,0x00,0x00,0x00,0x00,
  0x00,0x4E,0xFF,0xCE,0x00,0x00,0x03,0xE6,0xFF,0x38,0x00,0x00,0x00,0x00,0x00,0x00,0x0D,0xF6,0xFE,0x25,
  0x00,0x7A,0xFF,0xD1,0x01,0x00,0x00,0x00,0x00,0x00,0x00,0x00,0x7F,0xFF,0xB6,0x82,0xFF,0xEF,0x2C,0x00,
  0x00,0x00,0x00,0x00,0x00,0x00,0x00,0x06,0xD8,0xFF,0xFF,0xE2,0x2E,0x00,0x00,0x00,0x00,0x00,0x00,0x00,
  0x00,0x00,0x44,0xEF,0xFF,0xFF,0x6B,0x00,0x00,0x00,0x00,0x00,0x00,0x00,0x00,0x00,0x59,0xFB,0xFF,0xB0,
  0xFE,0xF7,0x37,0x00,0x00,0x12,0xFE,0xFF,0x1A,0x00,0x28,0xF8,0xFF,0x88,0x00,0x85,0xFF,0xE8,0x1E,0x00,
  0x53,0xFF,0xDC,0x00,0x00,0xA2,0xFF,0xBD,0x00,0x00,0x02,0xB6,0xFF,0xD2,0x0D,0xB7,0xFF,0x88,0x00,0x00,
  0xE5,0xFF,0x5D,0x00,0x00,0x00,0x10,0xDB,0xFF,0xC6,0xFE,0xF8,0x1C,0x00,0x00,0xF6,0xFF,0x4D,0x00,0x00,
  0x00,0x00,0x2B,0xF3,0xFF,0xFF,0x94,0x00,0x00,0x00,0xD9,0xFF,0x8C,0x00,0x00,0x00,0x00,0x01,0xB3,0xFF,
  0xFF,0x68,0x00,0x00,0x00,0x84,0xFF,0xF9,0x5C,0x02,0x00,0x2C,0xB8,0xFF,0xFF,0xFF,0xF5,0x2E,0x00,0x00,
  0x0C,0xD0,0xFF,0xFF,0xF6,0xED,0xFF,0xFF,0xE1,0x3A,0xC3,0xFF,0xDC,0x10,0x00,0x00,0x0D,0x86,0xDA,0xF9,
  0xF0,0xC7,0x71,0x09,0x00,0x1D,0xED,0xFF,0xB4,0x01,0x6B,0xFF,0xFA,0x57,0xFF,0xE7,0x44,0xFF,0xD4,0x30,
  0xFF,0xC1,0x1D,0xFF,0xAE,0x09,0xFF,0x9B,0x00,0xF6,0x89,0x00,0x00,0x00,0x5D,0xFF,0xD8,0x07,0x00,0x00,
  0x1F,0xF4,0xFF,0x3F,0x00,0x00,0x00,0xAE,0xFF,0xA3,0x00,0x00,0x00,0x2E,0xFF,0xFF,0x31,0x00,0x00,0x00,
  0x97,0xFF,0xC8,0x00,0x00,0x00,0x00,0xEA,0xFF,0x69,0x00,0x00,0x00,0x29,0xFF,0xFF,0x2A,0x00,0x00,0x00,
  0x64,0xFF,0xED,0x01,0x00,0x00,0x00,0x94,0xFF,0xBC,0x00,0x00,0x00,0x00,0xA9,0xFF,0xA7,0x00,0x00,0x00,
  0x00,0xBC,0xFF,0x93,0x00,0x00,0x00,0x00,0xC7,0xFF,0x89,0x00,0x00,0x00,0x00,0xB6,0xFF,0x9B,0x00,0x00,
  0x00,0x00,0xA3,0xFF,0xAF,0x00,0x00,0x00,0x00,0x88,0xFF,0xCD,0x00,0x00,0x00,0x00,0x4F,0xFF,0xFC,0x0C,
  0x00,0x00,0x00,0x14,0xFE,0xFF,0x45,0x00,0x00,0x00,0x00,0xCF,0xFF,0x91,0x00,0x00,0x00,0x00,0x70,0xFF,
  0xEF,0x0A,0x00,0x00,0x00,0x0D,0xEC,0xFF,0x64,0x00,0x00,0x00,0x00,0x6B,0xFF,0xE0,0x0A,0x00,0x00,0x00,
  0x02,0xBE,0xFF,0x8A,0x00,0x00,0x00,0x00,0x15,0x7B,0x77,0x05,0x33,0x7C,0x5F,0x00,0x00,0x00,0x00,0x0E,
  0xE5,0xFF,0x57,0x00,0x00,0x00,0x00,0x54,0xFF,0xEC,0x15,0x00,0x00,0x00,0x00,0xCC,0xFF,0x90,0x00,0x00,
  0x00,0x00,0x63,0xFF,0xF6,0x10,0x00,0x00,0x00,0x0A,0xEF,0xFF,0x66,0x00,0x00,0x00,0x00,0xAE,0xFF,0xAA,
  0x00,0x00,0x00,0x00,0x71,0xFF,0xE6,0x00,0x00,0x00,0x00,0x36,0xFF,0xFF,0x1F,0x00,0x00,0x00,0x18,0xFF,
  0xFF,0x3A,0x00,0x00,0x00,0x04,0xFF,0xFF,0x4D,0x00,0x00,0x00,0x00,0xF1,0xFF,0x5E,0x00,0x00,0x00,0x00,
  0xFB,0xFF,0x53,0x00,0x00,0x00,0x10,0xFF,0xFF,0x40,0x00,0x00,0x00,0x24,0xFF,0xFF,0x2C,0x00,0x00,0x00,
  0x56,0xFF,0xF6,0x05,0x00,0x00,0x00,0x92,0xFF,0xC0,0x00,0x00,0x00,0x00,0xD0,0xFF,0x84,0x00,0x00,0x00,
  0x2F,0xFF,0xFF,0x2F,0x00,0x00,0x00,0x99,0xFF,0xC6,0x00,0x00,0x00,0x16,0xF4,0xFF,0x46,0x00,0x00,0x00,
  0xA6,0xFF,0xAC,0x00,0x00,0x00,0x47,0xFF,0xE2,0x13,0x00,0x00,0x00,0x00,0x00,0x00,0x00,0x32,0xFF,0xC6,
  0x00,0x00,0x00,0x00,0x00,0x00,0x00,0x00,0x00,0x1E,0xFF,0xB5,0x00,0x00,0x00,0x00,0x00,0x00,0x00,0x00,
  0x00,0x09,0xFF,0xA3,0x00,0x00,0x00,0x00,0x00,0x2F,0x5D,0x1D,0x00,0x00,0xF5,0x92,0x00,0x09,0x47,0x8B,
  0x04,0x80,0xFF,0xFF,0xDE,0x9F,0xF2,0xC6,0xBC,0xF8,0xFF,0xFF,0x2B,0x3E,0x7F,0xA0,0xC1,0xED,0xFF,0xFF,
  0xEA,0xC9,0xA8,0x88,0x22,0x00,0x00,0x00,0x12,0xDE,0xE8,0xFF,0x98,0x00,0x00,0x00,0x00,0x00,0x00,0x03,
  0xBA,0xFF,0x4F,0xB8,0xFF,0x67,0x00,0x00,0x00,0x00,0x00,0x8B,0xFF,0xC8,0x00,0x32,0xFE,0xFA,0x3B,0x00,
  0x00,0x00,0x09,0xC3,0xFF,0x43,0x00,0x00,0xAA,0xFE,0x86,0x00,0x00,0x00,0x00,0x01,0x4B,0x00,0x00,0x00,
  0x24,0x39,0x00,0x00,0x00,0x00,0x00,0x00,0x00,0x1C,0xFF,0xC4,0x00,0x00,0x00,0x00,0x00,0x00,0x00,0x00,
  0x00,0x1C,0xFF,0xC4,0x00,0x00,0x00,0x00,0x00,0x00,0x00,0x00,0x00,0x1C,0xFF,0xC4,0x00,0x00,0x00,0x00,
  0x00,0x00,0x00,0x00,0x00,0x1C,0xFF,0xC4,0x00,0x00,0x00,0x00,0x00,0x00,0x00,0x00,0x00,0x1C,0xFF,0xC4,
  0x00,0x00,0x00,0x00,0x00,0xCE,0xE0,0xE0,0xE0,0xE3,0xFF,0xF8,0xE0,0xE0,0xE0,0xE0,0x73,0xEC,0xFF,0xFF,
  0xFF,0xFF,0xFF,0xFF,0xFF,0xFF,0xFF,0xFF,0x84,0x00,0x00,0x00,0x00,0x1C,0xFF,0xC4,0x00,0x00,0x00,0x00,
  0x00,0x00,0x00,0x00,0x00,0x1C,0xFF,0xC4,0x00,0x00,0x00,0x00,0x00,0x00,0x00,0x00,0x00,0x1C,0xFF,0xC4,
  0x00,0x00,0x00,0x00,0x00,0x00,0x00,0x00,0x00,0x1C,0xFF,0xC4,0x00,0x00,0x00,0x00,0x00,0x00,0x00,0x00,
  0x00,0x1C,0xFF,0xC4,0x00,0x00,0x00,0x00,0x00,0x00,0x31,0xFF,0xFF,0xC5,0x00,0x59,0xFF,0xFF,0x86,0x00,
  0x88,0xFF,0xFF,0x32,0x00,0xBA,0xFF,0xD7,0x00,0x02,0xF1,0xFF,0x70,0x00,0x2E,0xFF,0xF5,0x10,0x00,0x67,
  0xFF,0x9C,0x00,0x00,0x15,0xE0,0xE0,0xE0,0xE0,0xE0,0xE0,0xE0,0x9D,0x18,0xFF,0xFF,0xFF,0xFF,0xFF,0xFF,
  0xFF,0xB4,0x6B,0xF3,0xD8,0x1E,0xC5,0xFF,0xFF,0x5D,0x68,0xF2,0xD7,0x1C,0x00,0x00,0x00,0x00,0x00,0x00,
  0x06,0xEC,0xFF,0x48,0x00,0x00,0x00,0x00,0x00,0x00,0x58,0xFF,0xE1,0x02,0x00,0x00,0x00,0x00,0x00,0x00,
  0xBE,0xFF,0x7E,0x00,0x00,0x00,0x00,0x00,0x00,0x24,0xFE,0xFC,0x1C,0x00,0x00,0x00,0x00,0x00,0x00,0x88,
  0xFF,0xB3,0x00,0x00,0x00,0x00,0x00,0x00,0x05,0xE8,0xFF,0x4E,0x00,0x00,0x00,0x00,0x00,0x00,0x53,0xFF,
  0xE5,0x03,0x00,0x00,0x00,0x00,0x00,0x00,0xB8,0xFF,0x83,0x00,0x00,0x00,0x00,0x00,0x00,0x1F,0xFD,0xFD,
  0x20,0x00,0x00,0x00,0x00,0x00,0x00,0x83,0xFF,0xB8,0x00,0x00,0x00,0x00,0x00,0x00,0x03,0xE4,0xFF,0x53,
  0x00,0x00,0x00,0x00,0x00,0x00,0x4E,0xFF,0xE8,0x05,0x00,0x00,0x00,0x00,0x00,0x00,0xB3,0xFF,0x88,0x00,
  0x00,0x00,0x00,0x00,0x00,0x1B,0xFC,0xFE,0x24,0x00,0x00,0x00,0x00,0x00,0x00,0x7E,0xFF,0xBE,0x00,0x00,
  0x00,0x00,0x00,0x00,0x02,0xE0,0xFF,0x58,0x00,0x00,0x00,0x00,0x00,0x00,0x48,0xFF,0xEC,0x07,0x00,0x00,
  0x00,0x00,0x00,0x00,0xAD,0xFF,0x8E,0x00,0x00,0x00,0x00,0x00,0x00,0x00,0x00,0x00,0x00,0x28,0x9F,0xE1,
  0xF9,0xED,0xC5,0x6A,0x03,0x00,0x00,0x00,0x00,0x00,0x3E,0xF7,0xFF,0xFE,0xE9,0xF4,0xFF,0xFF,0xC1,0x09,
  0x00,0x00,0x00,0x17,0xF0,0xFF,0xAC,0x1C,0x00,0x04,0x5D,0xF6,0xFF,0x98,0x00,0x00,0x00,0x85,0xFF,0xCC,
  0x04,0x00,0x00,0x00,0x1C,0xF2,0xFF,0xFB,0x21,0x00,0x00,0xE3,0xFF,0x58,0x00,0x00,0x00,0x00,0xB0,0xFF,
  0xFF,0xFF,0x76,0x00,0x1A,0xFF,0xFF,0x13,0x00,0x00,0x00,0x51,0xFF,0xEF,0x8F,0xFF,0xB8,0x00,0x48,0xFF,
  0xE8,0x00,0x00,0x00,0x0D,0xE4,0xFF,0x66,0x41,0xFF,0xE1,0x00,0x5A,0xFF,0xCD,0x00,0x00,0x00,0x92,0xFF,
  0xC4,0x01,0x27,0xFF,0xFA,0x00,0x69,0xFF,0xC4,0x00,0x00,0x35,0xFD,0xFA,0x2A,0x00,0x18,0xFF,0xFF,0x06,
  0x6A,0xFF,0xC4,0x00,0x04,0xD0,0xFF,0x83,0x00,0x00,0x14,0xFF,0xFF,0x04,0x5E,0xFF,0xCE,0x00,0x75,0xFF,
  0xDA,0x08,0x00,0x00,0x1F,0xFF,0xF4,0x00,0x44,0xFF,0xE6,0x20,0xF5,0xFF,0x42,0x00,0x00,0x00,0x3A,0xFF,
  0xE2,0x00,0x1A,0xFF,0xFF,0xC2,0xFF,0xA0,0x00,0x00,0x00,0x00,0x65,0xFF,0xB3,0x00,0x00,0xD8,0xFF,0xFF,
  0xEB,0x14,0x00,0x00,0x00,0x00,0xB0,0xFF,0x7C,0x00,0x00,0x7F,0xFF,0xFF,0x5F,0x00,0x00,0x00,0x00,0x30,
  0xFC,0xFC,0x20,0x00,0x00,0x11,0xEA,0xFF,0xAD,0x1B,0x00,0x01,0x47,0xE4,0xFF,0x9E,0x00,0x00,0x00,0x00,
  0x3E,0xF2,0xFF,0xFE,0xE7,0xF3,0xFF,0xFF,0xC1,0x08,0x00,0x00,0x00,0x00,0x00,0x20,0x96,0xDD,0xF8,0xF4,
  0xCB,0x72,0x06,0x00,0x00,0x00,0x00,0x00,0x00,0x02,0x5E,0xDE,0xFF,0x98,0x00,0x00,0x00,0x00,0x00,0x00,
  0x52,0xD5,0xFF,0xFF,0xFF,0x98,0x00,0x00,0x00,0x00,0x2C,0xCA,0xFF,0xFF,0xEC,0xD3,0xFF,0x98,0x00,0x00,
  0x00,0x00,0x15,0xEE,0xE5,0x70,0x0A,0x91,0xFF,0x98,0x00,0x00,0x00,0x00,0x00,0x2F,0x07,0x00,0x00,0x9A,
  0xFF,0x98,0x00,0x00,0x00,0x00,0x00,0x00,0x00,0x00,0x00,0x9F,0xFF,0x98,0x00,0x00,0x00,0x00,0x00,0x00,
  0x00,0x00,0x00,0xA2,0xFF,0x98,0x00,0x00,0x00,0x00,0x00,0x00,0x00,0x00,0x00,0xA4,0xFF,0x98,0x00,0x00,
  0x00,0x00,0x00,0x00,0x00,0x00,0x00,0xA4,0xFF,0x98,0x00,0x00,0x00,0x00,0x00,0x00,0x00,0x00,0x00,0xA4,
  0xFF,0x98,0x00,0x00,0x00,0x00,0x00,0x00,0x00,0x00,0x00,0xA4,0xFF,0x98,0x00,0x00,0x00,0x00,0x00,0x00,
  0x00,0x00,0x00,0xA4,0xFF,0x98,0x00,0x00,0x00,0x00,0x00,0x00,0x00,0x00,0x00,0xA4,0xFF,0x98,0x00,0x00,
  0x00,0x00,0x00,0x00,0x00,0x00,0x00,0xA4,0xFF,0x98,0x00,0x00,0x00,0x00,0x00,0x00,0x00,0x00,0x00,0xA4,
  0xFF,0x98,0x00,0x00,0x00,0x00,0x00,0x00,0x00,0x00,0x00,0xA4,0xFF,0x98,0x00,0x00,0x00,0x00,0x00,0x5E,
  0xAC,0xAC,0xAC,0xE1,0xFF,0xDD,0xAC,0xAC,0xAC,0x58,0x00,0x8C,0xFF,0xFF,0xFF,0xFF,0xFF,0xFF,0xFF,0xFF,
  0xFF,0x84,0x00,0x00,0x07,0x64,0xB5,0xE5,0xF9,0xF1,0xC7,0x6F,0x06,0x00,0x00,0x00,0x00,0x4C,0xE3,0xFF,
  0xFF,0xFB,0xE7,0xFB,0xFF,0xFF,0xCD,0x11,0x00,0x00,0x00,0x9F,0xFF,0xCD,0x52,0x07,0x00,0x04,0x60,0xF7,
  0xFF,0x9E,0x00,0x00,0x00,0x06,0x62,0x02,0x00,0x00,0x00,0x00,0x00,0x79,0xFF,0xF6,0x08,0x00,0x00,0x00,
  0x00,0x00,0x00,0x00,0x00,0x00,0x00,0x3A,0xFF,0xFF,0x25,0x00,0x00,0x00,0x00,0x00,0x00,0x00,0x00,0x00,
  0x00,0x35,0xFF,0xFF,0x26,0x00,0x00,0x00,0x00,0x00,0x00,0x00,0x00,0x00,0x00,0x6A,0xFF,0xF8,0x07,0x00,
  0x00,0x00,0x00,0x00,0x00,0x00,0x00,0x00,0x03,0xD3,0xFF,0xB0,0x00,0x00,0x00,0x00,0x00,0x00,0x00,0x00,
  0x00,0x00,0x80,0xFF,0xFD,0x34,0x00,0x00,0x00,0x00,0x00,0x00,0x00,0x00,0x00,0x4F,0xFE,0xFF,0x7F,0x00,
  0x00,0x00,0x00,0x00,0x00,0x00,0x00,0x00,0x40,0xF6,0xFF,0xB7,0x02,0x00,0x00,0x00,0x00,0x00,0x00,0x00,
  0x00,0x3B,0xF3,0xFF,0xBF,0x09,0x00,0x00,0x00,0x00,0x00,0x00,0x00,0x00,0x42,0xF4,0xFF,0xC0,0x0C,0x00,
  0x00,0x00,0x00,0x00,0x00,0x00,0x00,0x4A,0xF7,0xFF,0xB5,0x09,0x00,0x00,0x00,0x00,0x00,0x00,0x00,0x00,
  0x54,0xFA,0xFF,0xAA,0x05,0x00,0x00,0x00,0x00,0x00,0x00,0x00,0x00,0x5E,0xFC,0xFF,0x9E,0x03,0x00,0x00,
  0x00,0x00,0x00,0x00,0x00,0x00,0x25,0xFE,0xFF,0xFF,0xE1,0xE0,0xE0,0xE0,0xE0,0xE0,0xE0,0xE0,0xE0,0x26,
  0x30,0xFF,0xFF,0xFF,0xFF,0xFF,0xFF,0xFF,0xFF,0xFF,0xFF,0xFF,0xFF,0x2C,0x00,0x00,0x1D,0x7E,0xC2,0xE9,
  0xFA,0xF2,0xCF,0x86,0x13,0x00,0x00,0x00,0x8A,0xFC,0xFF,0xFF,0xF4,0xE6,0xFA,0xFF,0xFF,0xE5,0x25,0x00,
  0x00,0x5E,0xEC,0x82,0x2A,0x00,0x00,0x02,0x52,0xF1,0xFF,0xBB,0x00,0x00,0x00,0x08,0x00,0x00,0x00,0x00,
  0x00,0x00,0x74,0xFF,0xFE,0x07,0x00,0x00,0x00,0x00,0x00,0x00,0x00,0x00,0x00,0x52,0xFF,0xFE,0x09,0x00,
  0x00,0x00,0x00,0x00,0x00,0x00,0x00,0x00,0xA6,0xFF,0xC5,0x00,0x00,0x00,0x00,0x00,0x00,0x00,0x01,0x2A,
  0xA3,0xFF,0xE8,0x2F,0x00,0x00,0x00,0x00,0x4D,0xE0,0xE2,0xF9,0xFF,0xD4,0x85,0x12,0x00,0x00,0x00,0x00,
  0x00,0x58,0xFF,0xFF,0xFF,0xFF,0xF5,0xBB,0x52,0x00,0x00,0x00,0x00,0x00,0x00,0x00,0x02,0x18,0x39,0x94,
  0xF7,0xFF,0x91,0x00,0x00,0x00,0x00,0x00,0x00,0x00,0x00,0x00,0x00,0x48,0xFF,0xFF,0x3D,0x00,0x00,0x00,
  0x00,0x00,0x00,0x00,0x00,0x00,0x00,0xD8,0xFF,0x8B,0x00,0x00,0x00,0x00,0x00,0x00,0x00,0x00,0x00,0x00,
  0xBD,0xFF,0xA1,0x00,0x00,0x00,0x00,0x00,0x00,0x00,0x00,0x00,0x00,0xDD,0xFF,0x89,0x01,0x01,0x00,0x00,
  0x00,0x00,0x00,0x00,0x00,0x4E,0xFF,0xFF,0x47,0x14,0xD7,0x74,0x2D,0x04,0x00,0x00,0x0E,0x67,0xF2,0xFF,
  0xC4,0x01,0x14,0xFF,0xFF,0xFF,0xF9,0xE7,0xE8,0xFD,0xFF,0xFF,0xC2,0x15,0x00,0x01,0x4B,0x9A,0xCC,0xE5,
  0xF9,0xF1,0xDC,0xA8,0x55,0x01,0x00,0x00,0x00,0x00,0x00,0x00,0x00,0x00,0x00,0x61,0xFF,0xFF,0x98,0x00,
  0x00,0x00,0x00,0x00,0x00,0x00,0x00,0x00,0x15,0xED,0xFF,0xFF,0x98,0x00,0x00,0x00,0x00,0x00,0x00,0x00,
  0x00,0x00,0xA5,0xFF,0xD4,0xFF,0x98,0x00,0x00,0x00,0x00,0x00,0x00,0x00,0x00,0x46,0xFF,0xD4,0x8E,0xFF,
  0x98,0x00,0x00,0x00,0x00,0x00,0x00,0x00,0x0A,0xDE,0xFF,0x44,0x96,0xFF,0x98,0x00,0x00,0x00,0x00,0x00,
  0x00,0x00,0x8B,0xFF,0xA5,0x00,0x9E,0xFF,0x98,0x00,0x00,0x00,0x00,0x00,0x00,0x30,0xFB,0xEE,0x16,0x00,
  0xA2,0xFF,0x98,0x00,0x00,0x00,0x00,0x00,0x03,0xCB,0xFF,0x63,0x00,0x00,0xA3,0xFF,0x98,0x00,0x00,0x00,
  0x00,0x00,0x71,0xFF,0xC1,0x01,0x00,0x00,0xA4,0xFF,0x98,0x00,0x00,0x00,0x00,0x1E,0xF4,0xF9,0x28,0x00,
  0x00,0x00,0xA4,0xFF,0x98,0x00,0x00,0x00,0x00,0xB4,0xFF,0x80,0x00,0x00,0x00,0x00,0xA4,0xFF,0x98,0x00,
  0x00,0x00,0x57,0xFF,0xD9,0x07,0x00,0x00,0x00,0x00,0xA4,0xFF,0x98,0x00,0x00,0x00,0xB3,0xFF,0xFF,0xFF,
  0xFF,0xFF,0xFF,0xFF,0xFF,0xFF,0xFF,0xFF,0xFF,0x4C,0xAE,0xF8,0xF8,0xF8,0xF8,0xF8,0xF8,0xF8,0xFD,0xFF,
  0xFC,0xF8,0xF8,0x49,0x00,0x00,0x00,0x00,0x00,0x00,0x00,0x00,0xA4,0xFF,0x98,0x00,0x00,0x00,0x00,0x00,
  0x00,0x00,0x00,0x00,0x00,0x00,0xA4,0xFF,0x98,0x00,0x00,0x00,0x00,0x00,0x00,0x00,0x00,0x00,0x00,0x00,
  0xA4,0xFF,0x98,0x00,0x00,0x00,0x00,0x00,0x00,0x00,0x00,0x00,0x00,0x00,0xA4,0xFF,0x98,0x00,0x00,0x00,
  0x00,0xE0,0xFF,0xFF,0xFF,0xFF,0xFF,0xFF,0xFF,0xFF,0x6C,0x00,0x00,0xF7,0xFF,0xE5,0xE0,0xE0,0xE0,0xE0,
  0xE0,0xE0,0x5E,0x00,0x0F,0xFF,0xFF,0x1A,0x00,0x00,0x00,0x00,0x00,0x00,0x00,0x00,0x27,0xFF,0xFC,0x03,
  0x00,0x00,0x00,0x00,0x00,0x00,0x00,0x00,0x3E,0xFF,0xE3,0x00,0x00,0x00,0x00,0x00,0x00,0x00,0x00,0x00,
  0x56,0xFF,0xC8,0x00,0x00,0x00,0x00,0x00,0x00,0x00,0x00,0x00,0x6D,0xFF,0xE4,0xBC,0xD2,0xDA,0xC3,0x8D,
  0x30,0x00,0x00,0x00,0x6E,0xFF,0xFF,0xFF,0xFF,0xFF,0xFF,0xFF,0xFD,0x8E,0x01,0x00,0x00,0x55,0x4A,0x1D,
  0x06,0x12,0x4B,0xC5,0xFF,0xFF,0x7D,0x00,0x00,0x00,0x00,0x00,0x00,0x00,0x00,0x03,0xB6,0xFF,0xF4,0x10,
  0x00,0x00,0x00,0x00,0x00,0x00,0x00,0x00,0x2B,0xFF,0xFF,0x54,0x00,0x00,0x00,0x00,0x00,0x00,0x00,0x00,
  0x00,0xF2,0xFF,0x73,0x00,0x00,0x00,0x00,0x00,0x00,0x00,0x00,0x00,0xEC,0xFF,0x72,0x00,0x00,0x00,0x00,
  0x00,0x00,0x00,0x00,0x17,0xFE,0xFF,0x4D,0x02,0x00,0x00,0x00,0x00,0x00,0x00,0x00,0x90,0xFF,0xEF,0x0C,
  0xC5,0x67,0x1B,0x00,0x00,0x04,0x30,0xA9,0xFF,0xFF,0x6A,0x00,0xEC,0xFF,0xFF,0xF1,0xE5,0xFC,0xFF,0xFF,
  0xFD,0x7D,0x00,0x00,0x3F,0x96,0xCA,0xE4,0xF9,0xF2,0xD4,0x95,0x2C,0x00,0x00,0x00,0x00,0x00,0x00,0x00,
  0x09,0x59,0xAF,0xD8,0xEF,0xFB,0xEF,0x6B,0x00,0x00,0x00,0x00,0x00,0x3B,0xDC,0xFF,0xFF,0xFE,0xF0,0xE5,
  0xF7,0x80,0x00,0x00,0x00,0x00,0x38,0xF7,0xFF,0xC7,0x50,0x0C,0x00,0x00,0x02,0x0D,0x00,0x00,0x00,0x09,
  0xE5,0xFF,0x96,0x01,0x00,0x00,0x00,0x00,0x00,0x00,0x00,0x00,0x00,0x72,0xFF,0xD1,0x04,0x00,0x00,0x00,
  0x00,0x00,0x00,0x00,0x00,0x00,0x00,0xCD,0xFF,0x63,0x00,0x00,0x00,0x00,0x00,0x00,0x00,0x00,0x00,0x00,
  0x14,0xFE,0xFF,0x1D,0x21,0x8E,0xC7,0xD9,0xC6,0x8A,0x21,0x00,0x00,0x00,0x3D,0xFF,0xF5,0x42,0xF2,0xFF,
  0xFF,0xFF,0xFF,0xFF,0xF7,0x57,0x00,0x00,0x5A,0xFF,0xF3,0xE9,0xC2,0x46,0x10,0x11,0x3F,0xC5,0xFF,0xFA,
  0x31,0x00,0x68,0xFF,0xFF,0xAC,0x02,0x00,0x00,0x00,0x00,0x05,0xD8,0xFF,0xA8,0x00,0x6B,0xFF,0xFD,0x18,
  0x00,0x00,0x00,0x00,0x00,0x00,0x69,0xFF,0xEA,0x00,0x5D,0xFF,0xE7,0x00,0x00,0x00,0x00,0x00,0x00,0x00,
  0x42,0xFF,0xFF,0x05,0x3D,0xFF,0xFA,0x06,0x00,0x00,0x00,0x00,0x00,0x00,0x3E,0xFF,0xFD,0x01,0x0B,0xF9,
  0xFF,0x4C,0x00,0x00,0x00,0x00,0x00,0x00,0x65,0xFF,0xDC,0x00,0x00,0xA7,0xFF,0xD1,0x09,0x00,0x00,0x00,
  0x00,0x03,0xC9,0xFF,0x92,0x00,0x00,0x24,0xF4,0xFF,0xC2,0x2E,0x00,0x01,0x2B,0xB9,0xFF,0xF1,0x1F,0x00,
  0x00,0x00,0x44,0xF1,0xFF,0xFF,0xF1,0xF3,0xFF,0xFF,0xF1,0x46,0x00,0x00,0x00,0x00,0x00,0x18,0x8B,0xD5,
  0xF5,0xF6,0xD8,0x90,0x1E,0x00,0x00,0x00,0x70,0xFF,0xFF,0xFF,0xFF,0xFF,0xFF,0xFF,0xFF,0xFF,0xFF,0xFF,
  0xFF,0x0C,0x62,0xE0,0xE0,0xE0,0xE0,0xE0,0xE0,0xE0,0xE0,0xE0,0xEB,0xFF,0xFC,0x08,0x00,0x00,0x00,0x00,
  0x00,0x00,0x00,0x00,0x00,0x00,0x9B,0xFF,0xAE,0x00,0x00,0x00,0x00,0x00,0x00,0x00,0x00,0x00,0x00,0x14,
  0xF7,0xFF,0x40,0x00,0x00,0x00,0x00,0x00,0x00,0x00,0x00,0x00,0x00,0x7E,0xFF,0xD1,0x00,0x00,0x00,0x00,
  0x00,0x00,0x00,0x00,0x00,0x00,0x06,0xE8,0xFF,0x63,0x00,0x00,0x00,0x00,0x00,0x00,0x00,0x00,0x00,0x00,
  0x60,0xFF,0xEC,0x08,0x00,0x00,0x00,0x00,0x00,0x00,0x00,0x00,0x00,0x00,0xD1,0xFF,0x86,0x00,0x00,0x00,
  0x00,0x00,0x00,0x00,0x00,0x00,0x00,0x43,0xFF,0xFB,0x1C,0x00,0x00,0x00,0x00,0x00,0x00,0x00,0x00,0x00,
  0x00,0xB5,0xFF,0xAA,0x00,0x00,0x00,0x00,0x00,0x00,0x00,0x00,0x00,0x00,0x27,0xFE,0xFF,0x3B,0x00,0x00,
  0x00,0x00,0x00,0x00,0x00,0x00,0x00,0x00,0x97,0xFF,0xCD,0x00,0x00,0x00,0x00,0x00,0x00,0x00,0x00,0x00,
  0x00,0x12,0xF5,0xFF,0x5E,0x00,0x00,0x00,0x00,0x00,0x00,0x00,0x00,0x00,0x00,0x7A,0xFF,0xE9,0x07,0x00,
  0x00,0x00,0x00,0x00,0x00,0x00,0x00,0x00,0x05,0xE5,0xFF,0x82,0x00,0x00,0x00,0x00,0x00,0x00,0x00,0x00,
  0x00,0x00,0x5D,0xFF,0xFA,0x19,0x00,0x00,0x00,0x00,0x00,0x00,0x00,0x00,0x00,0x00,0xCD,0xFF,0xA5,0x00,
  0x00,0x00,0x00,0x00,0x00,0x00,0x00,0x00,0x00,0x3F,0xFF,0xFF,0x37,0x00,0x00,0x00,0x00,0x00,0x00,0x00,
  0x00,0x00,0x00,0x35,0xA1,0xDF,0xF8,0xF1,0xCD,0x7F,0x10,0x00,0x00,0x00,0x00,0x7B,0xFF,0xFF,0xFF,0xEB,
  0xF7,0xFF,0xFF,0xE5,0x28,0x00,0x00,0x39,0xFF,0xFF,0x9A,0x15,0x00,0x01,0x40,0xDF,0xFF,0xC8,0x00,0x00,
  0x8A,0xFF,0xD5,0x01,0x00,0x00,0x00,0x00,0x45,0xFF,0xFF,0x19,0x00,0x96,0xFF,0xA9,0x00,0x00,0x00,0x00,
  0x00,0x18,0xFF,0xFF,0x25,0x00,0x66,0xFF,0xD4,0x00,0x00,0x00,0x00,0x00,0x45,0xFF,0xF2,0x03,0x00,0x07,
  0xDA,0xFF,0x88,0x00,0x00,0x00,0x15,0xD6,0xFF,0x6C,0x00,0x00,0x00,0x21,0xDC,0xFF,0xB6,0x33,0x5E,0xE7,
  0xF9,0x70,0x00,0x00,0x00,0x00,0x00,0x0E,0xCD,0xFF,0xFF,0xFF,0xF3,0x33,0x00,0x00,0x00,0x00,0x00,0x25,
  0xBA,0xFF,0xEA,0x97,0xE9,0xFF,0xEC,0x67,0x00,0x00,0x00,0x2C,0xED,0xFF,0x9D,0x0B,0x00,0x0A,0x7A,0xF6,
  0xFF,0x99,0x00,0x00,0xCA,0xFF,0xA8,0x00,0x00,0x00,0x00,0x00,0x2F,0xF2,0xFF,0x56,0x20,0xFF,0xFF,0x35,
  0x00,0x00,0x00,0x00,0x00,0x00,0x91,0xFF,0xB2,0x35,0xFF,0xFF,0x1D,0x00,0x00,0x00,0x00,0x00,0x00,0x86,
  0xFF,0xC5,0x18,0xFE,0xFF,0x61,0x00,0x00,0x00,0x00,0x00,0x06,0xD2,0xFF,0x9D,0x00,0xB4,0xFF,0xF0,0x54,
  0x05,0x00,0x01,0x2C,0xB7,0xFF,0xFB,0x2F,0x00,0x17,0xCF,0xFF,0xFF,0xF8,0xE4,0xF7,0xFF,0xFF,0xF5,0x57,
  0x00,0x00,0x00,0x05,0x67,0xBD,0xEC,0xFB,0xEE,0xCF,0x88,0x1C,0x00,0x00,0x00,0x00,0x00,0x54,0xB4,0xE8,
  0xF9,0xE6,0xBC,0x5A,0x03,0x00,0x00,0x00,0x00,0x07,0xB1,0xFF,0xFF,0xFF,0xE9,0xF6,0xFF,0xFF,0xB5,0x0D,
  0x00,0x00,0x00,0x94,0xFF,0xF0,0x6B,0x0B,0x00,0x04,0x51,0xE5,0xFF,0x9E,0x00,0x00,0x16,0xFB,0xFF,0x4C,
  0x00,0x00,0x00,0x00,0x00,0x28,0xF5,0xFF,0x36,0x00,0x54,0xFF,0xEA,0x00,0x00,0x00,0x00,0x00,0x00,0x00,
  0x94,0xFF,0x96,0x00,0x6A,0xFF,0xD0,0x00,0x00,0x00,0x00,0x00,0x00,0x00,0x59,0xFF,0xD2,0x00,0x5E,0xFF,
  0xE2,0x00,0x00,0x00,0x00,0x00,0x00,0x00,0x67,0xFF,0xF5,0x00,0x2A,0xFF,0xFF,0x34,0x00,0x00,0x00,0x00,
  0x00,0x0C,0xD4,0xFF,0xFF,0x05,0x00,0xC0,0xFF,0xE2,0x52,0x05,0x00,0x03,0x45,0xCE,0xED,0xFF,0xFF,0x05,
  0x00,0x1C,0xDA,0xFF,0xFF,0xFC,0xE6,0xF8,0xFF,0xD9,0x6D,0xFF,0xF0,0x00,0x00,0x00,0x0C,0x79,0xCC,0xF3,
  0xF7,0xD9,0x85,0x0E,0x75,0xFF,0xDB,0x00,0x00,0x00,0x00,0x00,0x00,0x00,0x00,0x00,0x00,0x00,0xA8,0xFF,
  0xB2,0x00,0x00,0x00,0x00,0x00,0x00,0x00,0x00,0x00,0x00,0x07,0xF0,0xFF,0x72,0x00,0x00,0x00,0x00,0x00,
  0x00,0x00,0x00,0x00,0x00,0x71,0xFF,0xFA,0x1C,0x00,0x00,0x00,0x00,0x00,0x00,0x00,0x00,0x00,0x39,0xF6,
  0xFF,0x94,0x00,0x00,0x00,0x00,0x12,0x00,0x00,0x00,0x22,0x82,0xF9,0xFF,0xD1,0x0A,0x00,0x00,0x00,0x00,
  0xA4,0xF3,0xE4,0xF5,0xFF,0xFF,0xFF,0xB4,0x11,0x00,0x00,0x00,0x00,0x00,0x8A,0xF2,0xFD,0xF0,0xD7,0x9B,
  0x41,0x00,0x00,0x00,0x00,0x00,0x64,0xF1,0xDA,0x1F,0xBD,0xFF,0xFF,0x5D,0x61,0xF1,0xD9,0x1D,0x00,0x00,
  0x00,0x00,0x00,0x00,0x00,0x00,0x00,0x00,0x00,0x00,0x00,0x00,0x00,0x00,0x00,0x00,0x00,0x00,0x00,0x00,
  0x00,0x00,0x00,0x00,0x00,0x00,0x00,0x00,0x00,0x00,0x6B,0xF3,0xD7,0x1C,0xC5,0xFF,0xFF,0x59,0x68,0xF2,
  0xD6,0x1A,0x00,0x01,0xAC,0xF4,0x7E,0x00,0x28,0xFF,0xFF,0xF3,0x00,0x27,0xFF,0xFF,0xF2,0x00,0x00,0xA7,
  0xF3,0x78,0x00,0x00,0x00,0x00,0x00,0x00,0x00,0x00,0x00,0x00,0x00,0x00,0x00,0x00,0x00,0x00,0x00,0x00,
  0x00,0x00,0x00,0x00,0x00,0x00,0x00,0x00,0x00,0x00,0x00,0x00,0x00,0x00,0x00,0x00,0x00,0x00,0x31,0xFF,
  0xFF,0xC5,0x00,0x59,0xFF,0xFF,0x86,0x00,0x88,0xFF,0xFF,0x32,0x00,0xBA,0xFF,0xD7,0x00,0x02,0xF1,0xFF,
  0x70,0x00,0x2E,0xFF,0xF5,0x10,0x00,0x67,0xFF,0x9C,0x00,0x00,0x00,0x00,0x00,0x00,0x00,0x00,0x00,0x00,
  0x00,0x02,0x64,0x2F,0x00,0x00,0x00,0x00,0x00,0x00,0x00,0x00,0x45,0xD2,0xFF,0x3F,0x00,0x00,0x00,0x00,
  0x00,0x00,0x2B,0xB6,0xFF,0xFD,0xA1,0x12,0x00,0x00,0x00,0x00,0x16,0x98,0xFC,0xFF,0xBB,0x30,0x00,0x00,
  0x00,0x00,0x08,0x79,0xF2,0xFF,0xD2,0x48,0x00,0x00,0x00,0x00,0x01,0x5B,0xE2,0xFF,0xE4,0x61,0x02,0x00,
  0x00,0x00,0x00,0x00,0x97,0xFF,0xF9,0x7B,0x09,0x00,0x00,0x00,0x00,0x00,0x00,0x00,0x85,0xFF,0xFF,0xC6,
  0x4B,0x00,0x00,0x00,0x00,0x00,0x00,0x00,0x00,0x30,0xAD,0xFE,0xFF,0xCF,0x54,0x02,0x00,0x00,0x00,0x00,
  0x00,0x00,0x00,0x2D,0xA9,0xFD,0xFF,0xD7,0x5E,0x04,0x00,0x00,0x00,0x00,0x00,0x00,0x00,0x2A,0xA5,0xFD,
  0xFF,0xDF,0x67,0x06,0x00,0x00,0x00,0x00,0x00,0x00,0x00,0x26,0xA1,0xFC,0xFF,0x3F,0x00,0x00,0x00,0x00,
  0x00,0x00,0x00,0x00,0x00,0x23,0x9D,0x3B,0x2A,0xE0,0xE0,0xE0,0xE0,0xE0,0xE0,0xE0,0xE0,0xE0,0xE0,0xE0,
  0xAF,0x30,0xFF,0xFF,0xFF,0xFF,0xFF,0xFF,0xFF,0xFF,0xFF,0xFF,0xFF,0xC8,0x00,0x00,0x00,0x00,0x00,0x00,
  0x00,0x00,0x00,0x00,0x00,0x00,0x00,0x00,0x00,0x00,0x00,0x00,0x00,0x00,0x00,0x00,0x00,0x00,0x00,0x00,
  0x00,0x00,0x00,0x00,0x00,0x00,0x00,0x00,0x00,0x00,0x00,0x00,0x00,0x2A,0xE0,0xE0,0xE0,0xE0,0xE0,0xE0,
  0xE0,0xE0,0xE0,0xE0,0xE0,0xAF,0x30,0xFF,0xFF,0xFF,0xFF,0xFF,0xFF,0xFF,0xFF,0xFF,0xFF,0xFF,0xC8,0x69,
  0x2D,0x00,0x00,0x00,0x00,0x00,0x00,0x00,0x00,0x00,0x00,0xA8,0xFC,0x9A,0x18,0x00,0x00,0x00,0x00,0x00,
  0x00,0x00,0x00,0x43,0xD7,0xFF,0xF3,0x7C,0x09,0x00,0x00,0x00,0x00,0x00,0x00,0x00,0x04,0x68,0xE8,0xFF,
  0xE3,0x5E,0x01,0x00,0x00,0x00,0x00,0x00,0x00,0x00,0x0C,0x81,0xF4,0xFF,0xCC,0x3F,0x00,0x00,0x00,0x00,
  0x00,0x00,0x00,0x00,0x19,0x9B,0xFC,0xFF,0xB0,0x26,0x00,0x00,0x00,0x00,0x00,0x00,0x00,0x00,0x2A,0xBB,
  0xFF,0xFA,0x34,0x00,0x00,0x00,0x00,0x00,0x00,0x10,0x7D,0xEC,0xFF,0xEE,0x2D,0x00,0x00,0x00,0x00,0x16,
  0x87,0xF2,0xFF,0xEC,0x7B,0x0E,0x00,0x00,0x00,0x1C,0x90,0xF6,0xFF,0xEA,0x77,0x0C,0x00,0x00,0x00,0x22,
  0x9A,0xF9,0xFF,0xE7,0x73,0x0A,0x00,0x00,0x00,0x00,0x00,0xA8,0xFF,0xE5,0x6F,0x09,0x00,0x00,0x00,0x00,
  0x00,0x00,0x00,0x8A,0x6B,0x07,0x00,0x00,0x00,0x00,0x00,0x00,0x00,0x00,0x00,0x03,0x44,0x99,0xD1,0xF0,
  0xFC,0xF2,0xCC,0x7E,0x10,0x00,0x00,0x76,0xFF,0xFF,0xFF,0xF5,0xE5,0xF7,0xFF,0xFF,0xE5,0x28,0x00,0x14,
  0xD3,0x7E,0x28,0x01,0x00,0x01,0x3B,0xD7,0xFF,0xCE,0x00,0x00,0x00,0x00,0x00,0x00,0x00,0x00,0x00,0x31,
  0xFF,0xFF,0x26,0x00,0x00,0x00,0x00,0x00,0x00,0x00,0x00,0x01,0xFA,0xFF,0x3E,0x00,0x00,0x00,0x00,0x00,
  0x00,0x00,0x00,0x14,0xFF,0xFF,0x29,0x00,0x00,0x00,0x00,0x00,0x00,0x00,0x00,0x7D,0xFF,0xE2,0x01,0x00,
  0x00,0x00,0x00,0x00,0x00,0x00,0x67,0xFC,0xFF,0x57,0x00,0x00,0x00,0x00,0x00,0x00,0x0A,0xA2,0xFF,0xFC,
  0x6C,0x00,0x00,0x00,0x00,0x00,0x00,0x0B,0xC8,0xFF,0xE9,0x43,0x00,0x00,0x00,0x00,0x00,0x00,0x00,0x8E,
  0xFF,0xD9,0x1C,0x00,0x00,0x00,0x00,0x00,0x00,0x00,0x00,0xDC,0xFF,0x3E,0x00,0x00,0x00,0x00,0x00,0x00,
  0x00,0x00,0x01,0xFB,0xFF,0x0E,0x00,0x00,0x00,0x00,0x00,0x00,0x00,0x00,0x00,0x14,0x14,0x00,0x00,0x00,
  0x00,0x00,0x00,0x00,0x00,0x00,0x00,0x00,0x00,0x00,0x00,0x00,0x00,0x00,0x00,0x00,0x00,0x00,0x31,0xE1,
  0xEE,0x54,0x00,0x00,0x00,0x00,0x00,0x00,0x00,0x00,0x79,0xFF,0xFF,0xA9,0x00,0x00,0x00,0x00,0x00,0x00,
  0x00,0x00,0x2E,0xE0,0xED,0x51,0x00,0x00,0x00,0x00,0x00,0x00,0x00,0x00,0x00,0x13,0x7D,0xCA,0xF1,0xFA,
  0xE3,0xA3,0x33,0x00,0x00,0x00,0x00,0x00,0x00,0x00,0x45,0xEB,0xFF,0xFF,0xF0,0xE8,0xFD,0xFF,0xFE,0x6B,
  0x00,0x00,0x00,0x00,0x00,0x3D,0xF9,0xFE,0x98,0x27,0x00,0x00,0x0F,0x6D,0xF1,0xFF,0x60,0x00,0x00,0x00,
  0x0B,0xE2,0xFF,0x69,0x00,0x00,0x00,0x00,0x00,0x00,0x34,0xF4,0xEB,0x11,0x00,0x00,0x75,0xFF,0x9A,0x00,
  0x08,0x83,0xDF,0xF6,0xDA,0xAD,0x40,0x75,0xFF,0x74,0x00,0x00,0xD3,0xF9,0x1D,0x02,0xB8,0xFF,0xFC,0xEB,
  0xFF,0xFF,0x8C,0x0E,0xF6,0xC1,0x00,0x19,0xFF,0xBA,0x00,0x5F,0xFF,0xD8,0x19,0x00,0x83,0xFF,0x7F,0x00,
  0xC2,0xFB,0x03,0x58,0xFF,0x7A,0x00,0xC2,0xFF,0x54,0x00,0x00,0x89,0xFF,0x71,0x00,0x9B,0xFF,0x16,0x75,
  0xFF,0x52,0x03,0xFB,0xFF,0x15,0x00,0x00,0x98,0xFF,0x64,0x00,0x8D,0xFF,0x2B,0x89,0xFF,0x40,0x16,0xFF,
  0xF6,0x00,0x00,0x00,0xAB,0xFF,0x56,0x00,0x94,0xFF,0x26,0x96,0xFF,0x33,0x12,0xFF,0xF1,0x00,0x00,0x00,
  0xC9,0xFF,0x4A,0x00,0xA2,0xFF,0x13,0x86,0xFF,0x3F,0x00,0xF6,0xFF,0x10,0x00,0x07,0xF7,0xFF,0x50,0x00,
  0xC2,0xE9,0x01,0x70,0xFF,0x5D,0x00,0xB6,0xFF,0x7E,0x00,0x69,0xFA,0xE8,0x86,0x1D,0xFA,0xA8,0x00,0x46,
  0xFF,0x92,0x00,0x48,0xFF,0xFF,0xED,0xFF,0x91,0x93,0xFE,0xF5,0xFF,0x48,0x00,0x07,0xF4,0xE6,0x03,0x00,
  0x6C,0xE5,0xEF,0x98,0x06,0x18,0xCC,0xEF,0x77,0x00,0x00,0x00,0xA6,0xFF,0x6B,0x00,0x00,0x00,0x00,0x00,
  0x00,0x00,0x00,0x00,0x00,0x00,0x00,0x00,0x20,0xF6,0xF4,0x3D,0x00,0x00,0x00,0x00,0x00,0x00,0x00,0x00,
  0x00,0x00,0x00,0x00,0x00,0x68,0xFE,0xF9,0x8B,0x29,0x00,0x00,0x00,0x12,0x55,0x91,0x00,0x00,0x00,0x00,
  0x00,0x00,0x5B,0xF7,0xFF,0xFF,0xF6,0xE4,0xEE,0xFF,0xFF,0xE1,0x00,0x00,0x00,0x00,0x00,0x00,0x00,0x1D,
  0x87,0xCC,0xF2,0xFC,0xEF,0xC7,0x76,0x15,0x00,0x00,0x00,0x00,0x00,0x00,0x00,0x00,0x00,0x9F,0xFF,0xFF,
  0x2E,0x00,0x00,0x00,0x00,0x00,0x00,0x00,0x00,0x00,0x00,0x00,0x05,0xEE,0xFF,0xFF,0x85,0x00,0x00,0x00,
  0x00,0x00,0x00,0x00,0x00,0x00,0x00,0x00,0x4B,0xFF,0xE3,0xFF,0xDA,0x00,0x00,0x00,0x00,0x00,0x00,0x00,
  0x00,0x00,0x00,0x00,0xA1,0xFF,0x7A,0xE6,0xFF,0x31,0x00,0x00,0x00,0x00,0x00,0x00,0x00,0x00,0x00,0x06,
  0xEF,0xFF,0x2B,0x99,0xFF,0x87,0x00,0x00,0x00,0x00,0x00,0x00,0x00,0x00,0x00,0x4C,0xFF,0xD5,0x00,0x46,
  0xFF,0xDD,0x00,0x00,0x00,0x00,0x00,0x00,0x00,0x00,0x00,0xA2,0xFF,0x7D,0x00,0x03,0xEA,0xFF,0x34,0x00,
  0x00,0x00,0x00,0x00,0x00,0x00,0x06,0xF0,0xFF,0x26,0x00,0x00,0x97,0xFF,0x8A,0x00,0x00,0x00,0x00,0x00,
  0x00,0x00,0x4E,0xFF,0xCE,0x00,0x00,0x00,0x3F,0xFF,0xDF,0x00,0x00,0x00,0x00,0x00,0x00,0x00,0xA3,0xFF,
  0x77,0x00,0x00,0x00,0x02,0xE5,0xFF,0x36,0x00,0x00,0x00,0x00,0x00,0x07,0xF1,0xFF,0xFF,0xFF,0xFF,0xFF,
  0xFF,0xFF,0xFF,0x8D,0x00,0x00,0x00,0x00,0x00,0x4F,0xFF,0xFF,0xFF,0xFF,0xFF,0xFF,0xFF,0xFF,0xFF,0xE2,
  0x01,0x00,0x00,0x00,0x00,0xA5,0xFF,0x8B,0x10,0x10,0x10,0x10,0x10,0x12,0xEE,0xFF,0x39,0x00,0x00,0x00,
  0x07,0xF2,0xFF,0x3A,0x00,0x00,0x00,0x00,0x00,0x00,0xA7,0xFF,0x8F,0x00,0x00,0x00,0x50,0xFF,0xEB,0x02,
  0x00,0x00,0x00,0x00,0x00,0x00,0x5B,0xFF,0xE4,0x01,0x00,0x00,0xA6,0xFF,0xA2,0x00,0x00,0x00,0x00,0x00,
  0x00,0x00,0x12,0xFC,0xFF,0x3C,0x00,0x08,0xF2,0xFF,0x56,0x00,0x00,0x00,0x00,0x00,0x00,0x00,0x00,0xC3,
  0xFF,0x92,0x00,0x51,0xFF,0xFA,0x0F,0x00,0x00,0x00,0x00,0x00,0x00,0x00,0x00,0x76,0xFF,0xE6,0x02,0x88,
  0xFF,0xFF,0xFF,0xFF,0xFE,0xF4,0xD7,0xA1,0x47,0x00,0x00,0x00,0x88,0xFF,0xF6,0xE0,0xE0,0xE2,0xF1,0xFF,
  0xFF,0xFF,0xA4,0x01,0x00,0x88,0xFF,0xB0,0x00,0x00,0x00,0x00,0x1F,0xA5,0xFF,0xFF,0x55,0x00,0x88,0xFF,
  0xB0,0x00,0x00,0x00,0x00,0x00,0x03,0xE7,0xFF,0x97,0x00,0x88,0xFF,0xB0,0x00,0x00,0x00,0x00,0x00,0x00,
  0xC3,0xFF,0x99,0x00,0x88,0xFF,0xB0,0x00,0x00,0x00,0x00,0x00,0x07,0xEB,0xFF,0x6C,0x00,0x88,0xFF,0xB0,
  0x00,0x00,0x00,0x00,0x1A,0xA7,0xFF,0xDC,0x0A,0x00,0x88,0xFF,0xF6,0xE0,0xE0,0xE0,0xEB,0xFF,0xE4,0x92,
  0x11,0x00,0x00,0x88,0xFF,0xFF,0xFF,0xFF,0xFF,0xFF,0xFF,0xE6,0x97,0x20,0x00,0x00,0x88,0xFF,0xB0,0x00,
  0x00,0x00,0x0D,0x3B,0xB1,0xFF,0xF0,0x32,0x00,0x88,0xFF,0xB0,0x00,0x00,0x00,0x00,0x00,0x02,0xCB,0xFF,
  0xC7,0x00,0x88,0xFF,0xB0,0x00,0x00,0x00,0x00,0x00,0x00,0x62,0xFF,0xFF,0x11,0x88,0xFF,0xB0,0x00,0x00,
  0x00,0x00,0x00,0x00,0x42,0xFF,0xFF,0x26,0x88,0xFF,0xB0,0x00,0x00,0x00,0x00,0x00,0x00,0x5C,0xFF,0xFF,
  0x14,0x88,0xFF,0xB0,0x00,0x00,0x00,0x00,0x00,0x00,0xBA,0xFF,0xD9,0x00,0x88,0xFF,0xB0,0x00,0x00,0x00,
  0x00,0x16,0x8D,0xFF,0xFF,0x64,0x00,0x88,0xFF,0xF6,0xE0,0xE0,0xE0,0xEA,0xFF,0xFF,0xFF,0x91,0x00,0x00,
  0x88,0xFF,0xFF,0xFF,0xFF,0xFF,0xFB,0xE5,0xAD,0x44,0x00,0x00,0x00,0x00,0x00,0x00,0x00,0x10,0x76,0xC3,
  0xED,0xFC,0xF3,0xD6,0x9B,0x44,0x03,0x00,0x00,0x00,0x3C,0xEB,0xFF,0xFF,0xF9,0xE7,0xFA,0xFF,0xFF,0xF6,
  0x17,0x00,0x00,0x42,0xF8,0xFF,0xC9,0x44,0x04,0x00,0x02,0x23,0x78,0x77,0x00,0x00,0x0A,0xDE,0xFF,0xB8,
  0x06,0x00,0x00,0x00,0x00,0x00,0x00,0x00,0x00,0x00,0x70,0xFF,0xF4,0x19,0x00,0x00,0x00,0x00,0x00,0x00,
  0x00,0x00,0x00,0x00,0xC3,0xFF,0xA0,0x00,0x00,0x00,0x00,0x00,0x00,0x00,0x00,0x00,0x00,0x0C,0xFD,0xFF,
  0x5C,0x00,0x00,0x00,0x00,0x00,0x00,0x00,0x00,0x00,0x00,0x26,0xFF,0xFF,0x32,0x00,0x00,0x00,0x00,0x00,
  0x00,0x00,0x00,0x00,0x00,0x3D,0xFF,0xFF,0x22,0x00,0x00,0x00,0x00,0x00,0x00,0x00,0x00,0x00,0x00,0x3E,
  0xFF,0xFF,0x21,0x00,0x00,0x00,0x00,0x00,0x00,0x00,0x00,0x00,0x00,0x2A,0xFF,0xFF,0x30,0x00,0x00,0x00,
  0x00,0x00,0x00,0x00,0x00,0x00,0x00,0x10,0xFE,0xFF,0x57,0x00,0x00,0x00,0x00,0x00,0x00,0x00,0x00,0x00,
  0x00,0x00,0xCF,0xFF,0x96,0x00,0x00,0x00,0x00,0x00,0x00,0x00,0x00,0x00,0x00,0x00,0x84,0xFF,0xEC,0x0D,
  0x00,0x00,0x00,0x00,0x00,0x00,0x00,0x00,0x00,0x00,0x13,0xEE,0xFF,0x9C,0x00,0x00,0x00,0x00,0x00,0x00,
  0x00,0x00,0x00,0x00,0x00,0x5D,0xFE,0xFF,0xB0,0x34,0x01,0x00,0x00,0x17,0x5B,0x48,0x00,0x00,0x00,0x00,
  0x59,0xF8,0xFF,0xFF,0xF7,0xE5,0xF7,0xFF,0xFF,0x80,0x00,0x00,0x00,0x00,0x00,0x1F,0x89,0xCD,0xF2,0xFB,
  0xEC,0xD2,0x99,0x34,0x00,0x30,0xFF,0xFF,0xFF,0xFF,0xFC,0xEB,0xC1,0x75,0x12,0x00,0x00,0x00,0x00,0x30,
  0xFF,0xFF,0xE5,0xE0,0xE9,0xFC,0xFF,0xFF,0xEE,0x4B,0x00,0x00,0x00,0x30,0xFF,0xFF,0x28,0x00,0x00,0x0B,
  0x50,0xCE,0xFF,0xFE,0x5F,0x00,0x00,0x30,0xFF,0xFF,0x28,0x00,0x00,0x00,0x00,0x06,0xAB,0xFF,0xF3,0x23,
  0x00,0x30,0xFF,0xFF,0x28,0x00,0x00,0x00,0x00,0x00,0x0C,0xE2,0xFF,0xA5,0x00,0x30,0xFF,0xFF,0x28,0x00,
  0x00,0x00,0x00,0x00,0x00,0x7A,0xFF,0xF7,0x08,0x30,0xFF,0xFF,0x28,0x00,0x00,0x00,0x00,0x00,0x00,0x37,
  0xFF,0xFF,0x3B,0x30,0xFF,0xFF,0x28,0x00,0x00,0x00,0x00,0x00,0x00,0x0E,0xFF,0xFF,0x5C,0x30,0xFF,0xFF,
  0x28,0x00,0x00,0x00,0x00,0x00,0x00,0x01,0xFD,0xFF,0x6B,0x30,0xFF,0xFF,0x28,0x00,0x00,0x00,0x00,0x00,
  0x00,0x02,0xFE,0xFF,0x64,0x30,0xFF,0xFF,0x28,0x00,0x00,0x00,0x00,0x00,0x00,0x14,0xFF,0xFF,0x52,0x30,
  0xFF,0xFF,0x28,0x00,0x00,0x00,0x00,0x00,0x00,0x42,0xFF,0xFF,0x2B,0x30,0xFF,0xFF,0x28,0x00,0x00,0x00,
  0x00,0x00,0x00,0x8D,0xFF,0xEE,0x01,0x30,0xFF,0xFF,0x28,0x00,0x00,0x00,0x00,0x00,0x17,0xEE,0xFF,0x90,
  0x00,0x30,0xFF,0xFF,0x28,0x00,0x00,0x00,0x00,0x0C,0xBE,0xFF,0xF0,0x1D,0x00,0x30,0xFF,0xFF,0x28,0x00,
  0x00,0x17,0x62,0xDC,0xFF,0xFB,0x4F,0x00,0x00,0x30,0xFF,0xFF,0xE5,0xE1,0xF1,0xFF,0xFF,0xFF,0xE1,0x3F,
  0x00,0x00,0x00,0x30,0xFF,0xFF,0xFF,0xFF,0xF3,0xDE,0xA9,0x5E,0x05,0x00,0x00,0x00,0x00,0x88,0xFF,0xFF,
  0xFF,0xFF,0xFF,0xFF,0xFF,0xFF,0xFF,0xFF,0x64,0x88,0xFF,0xFA,0xE0,0xE0,0xE0,0xE0,0xE0,0xE0,0xE0,0xE0,
  0x57,0x88,0xFF,0xD0,0x00,0x00,0x00,0x00,0x00,0x00,0x00,0x00,0x00,0x88,0xFF,0xD0,0x00,0x00,0x00,0x00,
  0x00,0x00,0x00,0x00,0x00,0x88,0xFF,0xD0,0x00,0x00,0x00,0x00,0x00,0x00,0x00,0x00,0x00,0x88,0xFF,0xD0,
  0x00,0x00,0x00,0x00,0x00,0x00,0x00,0x00,0x00,0x88,0xFF,0xD0,0x00,0x00,0x00,0x00,0x00,0x00,0x00,0x00,
  0x00,0x88,0xFF,0xFA,0xE0,0xE0,0xE0,0xE0,0xE0,0xE0,0xE0,0xC7,0x00,0x88,0xFF,0xFF,0xFF,0xFF,0xFF,0xFF,
  0xFF,0xFF,0xFF,0xE4,0x00,0x88,0xFF,0xD0,0x00,0x00,0x00,0x00,0x00,0x00,0x00,0x00,0x00,0x88,0xFF,0xD0,
  0x00,0x00,0x00,0x00,0x00,0x00,0x00,0x00,0x00,0x88,0xFF,0xD0,0x00,0x00,0x00,0x00,0x00,0x00,0x00,0x00,
  0x00,0x88,0xFF,0xD0,0x00,0x00,0x00,0x00,0x00,0x00,0x00,0x00,0x00,0x88,0xFF,0xD0,0x00,0x00,0x00,0x00,
  0x00,0x00,0x00,0x00,0x00,0x88,0xFF,0xD0,0x00,0x00,0x00,0x00,0x00,0x00,0x00,0x00,0x00,0x88,0xFF,0xD0,
  0x00,0x00,0x00,0x00,0x00,0x00,0x00,0x00,0x00,0x88,0xFF,0xFA,0xE0,0xE0,0xE0,0xE0,0xE0,0xE0,0xE0,0xE0,
  0x57,0x88,0xFF,0xFF,0xFF,0xFF,0xFF,0xFF,0xFF,0xFF,0xFF,0xFF,0x64,0x88,0xFF,0xFF,0xFF,0xFF,0xFF,0xFF,
  0xFF,0xFF,0xFF,0xFF,0x64,0x88,0xFF,0xFA,0xE0,0xE0,0xE0,0xE0,0xE0,0xE0,0xE0,0xE0,0x57,0x88,0xFF,0xD0,
  0x00,0x00,0x00,0x00,0x00,0x00,0x00,0x00,0x00,0x88,0xFF,0xD0,0x00,0x00,0x00,0x00,0x00,0x00,0x00,0x00,
  0x00,0x88,0xFF,0xD0,0x00,0x00,0x00,0x00,0x00,0x00,0x00,0x00,0x00,0x88,0xFF,0xD0,0x00,0x00,0x00,0x00,
  0x00,0x00,0x00,0x00,0x00,0x88,0xFF,0xD0,0x00,0x00,0x00,0x00,0x00,0x00,0x00,0x00,0x00,0x88,0xFF,0xD0,
  0x00,0x00,0x00,0x00,0x00,0x00,0x00,0x00,0x00,0x88,0xFF,0xFA,0xE0,0xE0,0xE0,0xE0,0xE0,0xE0,0xE0,0xC7,
  0x00,0x88,0xFF,0xFF,0xFF,0xFF,0xFF,0xFF,0xFF,0xFF,0xFF,0xE4,0x00,0x88,0xFF,0xD0,0x00,0x00,0x00,0x00,
  0x00,0x00,0x00,0x00,0x00,0x88,0xFF,0xD0,0x00,0x00,0x00,0x00,0x00,0x00,0x00,0x00,0x00,0x88,0xFF,0xD0,
  0x00,0x00,0x00,0x00,0x00,0x00,0x00,0x00,0x00,0x88,0xFF,0xD0,0x00,0x00,0x00,0x00,0x00,0x00,0x00,0x00,
  0x00,0x88,0xFF,0xD0,0x00,0x00,0x00,0x00,0x00,0x00,0x00,0x00,0x00,0x88,0xFF,0xD0,0x00,0x00,0x00,0x00,
  0x00,0x00,0x00,0x00,0x00,0x88,0xFF,0xD0,0x00,0x00,0x00,0x00,0x00,0x00,0x00,0x00,0x00,0x88,0xFF,0xD0,
  0x00,0x00,0x00,0x00,0x00,0x00,0x00,0x00,0x00,0x00,0x00,0x00,0x00,0x44,0x9E,0xDA,0xF1,0xFA,0xE8,0xB9,
  0x65,0x11,0x00,0x00,0x0E,0xB5,0xFF,0xFF,0xFF,0xF1,0xEA,0xFF,0xFF,0xFF,0x55,0x00,0x06,0xCA,0xFF,0xF7,
  0x81,0x1D,0x00,0x00,0x0A,0x42,0x97,0x02,0x00,0x81,0xFF,0xFA,0x43,0x00,0x00,0x00,0x00,0x00,0x00,0x00,
  0x00,0x0A,0xF0,0xFF,0x8C,0x00,0x00,0x00,0x00,0x00,0x00,0x00,0x00,0x00,0x57,0xFF,0xFE,0x1E,0x00,0x00,
  0x00,0x00,0x00,0x00,0x00,0x00,0x00,0x8F,0xFF,0xD5,0x00,0x00,0x00,0x00,0x00,0x00,0x00,0x00,0x00,0x00,
  0xB8,0xFF,0xAA,0x00,0x00,0x00,0x00,0x00,0x00,0x00,0x00,0x00,0x00,0xC8,0xFF,0x98,0x00,0x00,0x00,0x00,
  0xC0,0xE0,0xE0,0xE0,0xE0,0xAF,0xCF,0xFF,0x96,0x00,0x00,0x00,0x00,0xDC,0xFF,0xFF,0xFF,0xFF,0xC8,0xC1,
  0xFF,0xA6,0x00,0x00,0x00,0x00,0x00,0x00,0x00,0x7C,0xFF,0xC8,0xA7,0xFF,0xC9,0x00,0x00,0x00,0x00,0x00,
  0x00,0x00,0x7C,0xFF,0xC8,0x74,0xFF,0xFA,0x0A,0x00,0x00,0x00,0x00,0x00,0x00,0x7C,0xFF,0xC8,0x27,0xFF,
  0xFF,0x6E,0x00,0x00,0x00,0x00,0x00,0x00,0x7C,0xFF,0xC8,0x00,0xB7,0xFF,0xEC,0x28,0x00,0x00,0x00,0x00,
  0x00,0x7C,0xFF,0xC8,0x00,0x20,0xEF,0xFF,0xE8,0x69,0x0F,0x00,0x00,0x0A,0x96,0xFF,0xC8,0x00,0x00,0x2E,
  0xDF,0xFF,0xFF,0xFF,0xEE,0xEC,0xFE,0xFF,0xFF,0xC8,0x00,0x00,0x00,0x07,0x68,0xB6,0xE5,0xF9,0xF1,0xD9,
  0xBD,0x85,0x34,0x30,0xFF,0xFF,0x28,0x00,0x00,0x00,0x00,0x00,0x00,0x90,0xFF,0xC8,0x30,0xFF,0xFF,0x28,
  0x00,0x00,0x00,0x00,0x00,0x00,0x90,0xFF,0xC8,0x30,0xFF,0xFF,0x28,0x00,0x00,0x00,0x00,0x00,0x00,0x90,
  0xFF,0xC8,0x30,0xFF,0xFF,0x28,0x00,0x00,0x00,0x00,0x00,0x00,0x90,0xFF,0xC8,0x30,0xFF,0xFF,0x28,0x00,
  0x00,0x00,0x00,0x00,0x00,0x90,0xFF,0xC8,0x30,0xFF,0xFF,0x28,0x00,0x00,0x00,0x00,0x00,0x00,0x90,0xFF,
  0xC8,0x30,0xFF,0xFF,0x28,0x00,0x00,0x00,0x00,0x00,0x00,0x90,0xFF,0xC8,0x30,0xFF,0xFF,0xE5,0xE0,0xE0,
  0xE0,0xE0,0xE0,0xE0,0xF2,0xFF,0xC8,0x30,0xFF,0xFF,0xFF,0xFF,0xFF,0xFF,0xFF,0xFF,0xFF,0xFF,0xFF,0xC8,
  0x30,0xFF,0xFF,0x28,0x00,0x00,0x00,0x00,0x00,0x00,0x90,0xFF,0xC8,0x30,0xFF,0xFF,0x28,0x00,0x00,0x00,
  0x00,0x00,0x00,0x90,0xFF,0xC8,0x30,0xFF,0xFF,0x28,0x00,0x00,0x00,0x00,0x00,0x00,0x90,0xFF,0xC8,0x30,
  0xFF,0xFF,0x28,0x00,0x00,0x00,0x00,0x00,0x00,0x90,0xFF,0xC8,0x30,0xFF,0xFF,0x28,0x00,0x00,0x00,0x00,
  0x00,0x00,0x90,0xFF,0xC8,0x30,0xFF,0xFF,0x28,0x00,0x00,0x00,0x00,0x00,0x00,0x90,0xFF,0xC8,0x30,0xFF,
  0xFF,0x28,0x00,0x00,0x00,0x00,0x00,0x00,0x90,0xFF,0xC8,0x30,0xFF,0xFF,0x28,0x00,0x00,0x00,0x00,0x00,
  0x00,0x90,0xFF,0xC8,0x30,0xFF,0xFF,0x28,0x00,0x00,0x00,0x00,0x00,0x00,0x90,0xFF,0xC8,0x24,0xFF,0xFF,
  0xFF,0xFF,0xFF,0xFF,0xFF,0xFF,0xFF,0xBC,0x1C,0xDB,0xF3,0xFF,0xFF,0xFF,0xFF,0xFF,0xFD,0xE9,0x9C,0x00,
  0x00,0x00,0x0A,0x75,0xFF,0xF2,0x17,0x02,0x00,0x00,0x00,0x00,0x00,0x00,0x64,0xFF,0xF0,0x00,0x00,0x00,
  0x00,0x00,0x00,0x00,0x00,0x64,0xFF,0xF0,0x00,0x00,0x00,0x00,0x00,0x00,0x00,0x00,0x64,0xFF,0xF0,0x00,
  0x00,0x00,0x00,0x00,0x00,0x00,0x00,0x64,0xFF,0xF0,0x00,0x00,0x00,0x00,0x00,0x00,0x00,0x00,0x64,0xFF,
  0xF0,0x00,0x00,0x00,0x00,0x00,0x00,0x00,0x00,0x64,0xFF,0xF0,0x00,0x00,0x00,0x00,0x00,0x00,0x00,0x00,
  0x64,0xFF,0xF0,0x00,0x00,0x00,0x00,0x00,0x00,0x00,0x00,0x64,0xFF,0xF0,0x00,0x00,0x00,0x00,0x00,0x00,
  0x00,0x00,0x64,0xFF,0xF0,0x00,0x00,0x00,0x00,0x00,0x00,0x00,0x00,0x64,0xFF,0xF0,0x00,0x00,0x00,0x00,
  0x00,0x00,0x00,0x00,0x64,0xFF,0xF0,0x00,0x00,0x00,0x00,0x00,0x00,0x00,0x00,0x64,0xFF,0xF0,0x00,0x00,
  0x00,0x00,0x00,0x00,0x00,0x00,0x64,0xFF,0xF0,0x00,0x00,0x00,0x00,0x13,0x9A,0xB0,0xC6,0xE8,0xFF,0xFD,
  0xD3,0xBD,0xA7,0x6C,0x24,0xFF,0xFF,0xFF,0xFF,0xFF,0xFF,0xFF,0xFF,0xFF,0xBC,0x00,0x00,0x00,0x00,0x00,
  0x00,0x00,0x40,0xFF,0xFF,0x18,0x00,0x00,0x00,0x00,0x00,0x00,0x00,0x40,0xFF,0xFF,0x18,0x00,0x00,0x00,
  0x00,0x00,0x00,0x00,0x40,0xFF,0xFF,0x18,0x00,0x00,0x00,0x00,0x00,0x00,0x00,0x40,0xFF,0xFF,0x18,0x00,
  0x00,0x00,0x00,0x00,0x00,0x00,0x40,0xFF,0xFF,0x18,0x00,0x00,0x00,0x00,0x00,0x00,0x00,0x40,0xFF,0xFF,
  0x18,0x00,0x00,0x00,0x00,0x00,0x00,0x00,0x40,0xFF,0xFF,0x18,0x00,0x00,0x00,0x00,0x00,0x00,0x00,0x40,
  0xFF,0xFF,0x18,0x00,0x00,0x00,0x00,0x00,0x00,0x00,0x40,0xFF,0xFF,0x18,0x00,0x00,0x00,0x00,0x00,0x00,
  0x00,0x40,0xFF,0xFF,0x18,0x00,0x00,0x00,0x00,0x00,0x00,0x00,0x40,0xFF,0xFF,0x18,0x00,0x00,0x00,0x00,
  0x00,0x00,0x00,0x40,0xFF,0xFF,0x18,0x00,0x00,0x00,0x00,0x00,0x00,0x00,0x45,0xFF,0xFF,0x14,0x00,0x00,
  0x00,0x00,0x00,0x00,0x00,0x60,0xFF,0xFC,0x04,0x00,0x00,0x00,0x00,0x00,0x00,0x00,0xB1,0xFF,0xCB,0x00,
  0x3B,0x56,0x19,0x01,0x00,0x12,0x92,0xFF,0xFF,0x63,0x00,0x68,0xFF,0xFF,0xF8,0xE9,0xFF,0xFF,0xFF,0xA7,
  0x01,0x00,0x2A,0x9E,0xD2,0xEA,0xFB,0xEE,0xBE,0x5D,0x01,0x00,0x00,0x30,0xFF,0xFF,0x28,0x00,0x00,0x00,
  0x00,0x00,0x17,0xE6,0xFF,0xAF,0x00,0x30,0xFF,0xFF,0x28,0x00,0x00,0x00,0x00,0x03,0xBE,0xFF,0xDF,0x10,
  0x00,0x30,0xFF,0xFF,0x28,0x00,0x00,0x00,0x00,0x84,0xFF,0xFA,0x36,0x00,0x00,0x30,0xFF,0xFF,0x28,0x00,
  0x00,0x00,0x48,0xFE,0xFF,0x70,0x00,0x00,0x00,0x30,0xFF,0xFF,0x28,0x00,0x00,0x1D,0xEC,0xFF,0xB0,0x00,
  0x00,0x00,0x00,0x30,0xFF,0xFF,0x28,0x00,0x05,0xC7,0xFF,0xE0,0x11,0x00,0x00,0x00,0x00,0x30,0xFF,0xFF,
  0x28,0x00,0x90,0xFF,0xFA,0x37,0x00,0x00,0x00,0x00,0x00,0x30,0xFF,0xFF,0x28,0x4D,0xFF,0xFF,0x71,0x00,
  0x00,0x00,0x00,0x00,0x00,0x30,0xFF,0xFF,0x3D,0xEB,0xFF,0xF8,0x16,0x00,0x00,0x00,0x00,0x00,0x00,0x30,
  0xFF,0xFF,0xCB,0xFF,0xF7,0xFF,0xAA,0x00,0x00,0x00,0x00,0x00,0x00,0x30,0xFF,0xFF,0xFF,0x9F,0x48,0xFF,
  0xFF,0x54,0x00,0x00,0x00,0x00,0x00,0x30,0xFF,0xFF,0xB2,0x04,0x00,0x9F,0xFF,0xE9,0x13,0x00,0x00,0x00,
  0x00,0x30,0xFF,0xFF,0x29,0x00,0x00,0x11,0xE7,0xFF,0xA7,0x00,0x00,0x00,0x00,0x30,0xFF,0xFF,0x28,0x00,
  0x00,0x00,0x51,0xFF,0xFF,0x50,0x00,0x00,0x00,0x30,0xFF,0xFF,0x28,0x00,0x00,0x00,0x00,0xAA,0xFF,0xE7,
  0x12,0x00,0x00,0x30,0xFF,0xFF,0x28,0x00,0x00,0x00,0x00,0x16,0xEC,0xFF,0xA3,0x00,0x00,0x30,0xFF,0xFF,
  0x28,0x00,0x00,0x00,0x00,0x00,0x5B,0xFF,0xFF,0x4D,0x00,0x30,0xFF,0xFF,0x28,0x00,0x00,0x00,0x00,0x00,
  0x00,0xB3,0xFF,0xE5,0x10,0x04,0xFF,0xFF,0x54,0x00,0x00,0x00,0x00,0x00,0x00,0x00,0x00,0x04,0xFF,0xFF,
  0x54,0x00,0x00,0x00,0x00,0x00,0x00,0x00,0x00,0x04,0xFF,0xFF,0x54,0x00,0x00,0x00,0x00,0x00,0x00,0x00,
  0x00,0x04,0xFF,0xFF,0x54,0x00,0x00,0x00,0x00,0x00,0x00,0x00,0x00,0x04,0xFF,0xFF,0x54,0x00,0x00,0x00,
  0x00,0x00,0x00,0x00,0x00,0x04,0xFF,0xFF,0x54,0x00,0x00,0x00,0x00,0x00,0x00,0x00,0x00,0x04,0xFF,0xFF,
  0x54,0x00,0x00,0x00,0x00,0x00,0x00,0x00,0x00,0x04,0xFF,0xFF,0x54,0x00,0x00,0x00,0x00,0x00,0x00,0x00,
  0x00,0x04,0xFF,0xFF,0x54,0x00,0x00,0x00,0x00,0x00,0x00,0x00,0x00,0x04,0xFF,0xFF,0x54,0x00,0x00,0x00,
  0x00,0x00,0x00,0x00,0x00,0x04,0xFF,0xFF,0x54,0x00,0x00,0x00,0x00,0x00,0x00,0x00,0x00,0x04,0xFF,0xFF,
  0x54,0x00,0x00,0x00,0x00,0x00,0x00,0x00,0x00,0x04,0xFF,0xFF,0x54,0x00,0x00,0x00,0x00,0x00,0x00,0x00,
  0x00,0x04,0xFF,0xFF,0x54,0x00,0x00,0x00,0x00,0x00,0x00,0x00,0x00,0x04,0xFF,0xFF,0x54,0x00,0x00,0x00,
  0x00,0x00,0x00,0x00,0x00,0x04,0xFF,0xFF,0x6C,0x24,0x24,0x24,0x24,0x24,0x24,0x24,0x0E,0x04,0xFF,0xFF,
  0xFF,0xFF,0xFF,0xFF,0xFF,0xFF,0xFF,0xFF,0x64,0x04,0xFF,0xFF,0xFF,0xFF,0xFF,0xFF,0xFF,0xFF,0xFF,0xFF,
  0x64,0xB4,0xFF,0xFF,0xCC,0x00,0x00,0x00,0x00,0x00,0x3A,0xFF,0xFF,0xFF,0x4C,0xB4,0xFF,0xFF,0xFE,0x19,
  0x00,0x00,0x00,0x00,0x84,0xFF,0xFF,0xFF,0x4C,0xB4,0xFF,0xE7,0xFF,0x62,0x00,0x00,0x00,0x00,0xCF,0xFF,
  0xE6,0xFF,0x4C,0xB4,0xFF,0xB3,0xFF,0xAD,0x00,0x00,0x00,0x1A,0xFF,0xF0,0xB5,0xFF,0x4C,0xB4,0xFF,0x7A,
  0xFE,0xF2,0x05,0x00,0x00,0x65,0xFF,0xA6,0xC6,0xFF,0x4C,0xB4,0xFF,0x6D,0xC9,0xFF,0x42,0x00,0x00,0xAF,
  0xFF,0x57,0xD8,0xFF,0x4C,0xB4,0xFF,0x78,0x79,0xFF,0x8D,0x00,0x06,0xF3,0xF9,0x0E,0xDE,0xFF,0x4C,0xB4,
  0xFF,0x7F,0x2A,0xFF,0xD8,0x00,0x45,0xFF,0xB8,0x00,0xE4,0xFF,0x4C,0xB4,0xFF,0x83,0x00,0xDA,0xFF,0x23,
  0x90,0xFF,0x68,0x00,0xE7,0xFF,0x4C,0xB4,0xFF,0x84,0x00,0x8B,0xFF,0x6D,0xDA,0xFE,0x1A,0x00,0xE8,0xFF,
  0x4C,0xB4,0xFF,0x84,0x00,0x3B,0xFF,0xD9,0xFF,0xCA,0x00,0x00,0xE8,0xFF,0x4C,0xB4,0xFF,0x84,0x00,0x02,
  0xE9,0xFF,0xFF,0x7A,0x00,0x00,0xE8,0xFF,0x4C,0xB4,0xFF,0x84,0x00,0x00,0x9C,0xFF,0xFF,0x2B,0x00,0x00,
  0xE8,0xFF,0x4C,0xB4,0xFF,0x84,0x00,0x00,0x30,0x80,0x77,0x00,0x00,0x00,0xE8,0xFF,0x4C,0xB4,0xFF,0x84,
  0x00,0x00,0x00,0x00,0x00,0x00,0x00,0x00,0xE8,0xFF,0x4C,0xB4,0xFF,0x84,0x00,0x00,0x00,0x00,0x00,0x00,
  0x00,0x00,0xE8,0xFF,0x4C,0xB4,0xFF,0x84,0x00,0x00,0x00,0x00,0x00,0x00,0x00,0x00,0xE8,0xFF,0x4C,0xB4,
  0xFF,0x84,0x00,0x00,0x00,0x00,0x00,0x00,0x00,0x00,0xE8,0xFF,0x4C,0x30,0xFF,0xFF,0xFD,0x23,0x00,0x00,
  0x00,0x00,0x00,0x7C,0xFF,0xC8,0x30,0xFF,0xFF,0xFF,0x94,0x00,0x00,0x00,0x00,0x00,0x7C,0xFF,0xC8,0x30,
  0xFF,0xEB,0xFF,0xF5,0x12,0x00,0x00,0x00,0x00,0x7C,0xFF,0xC8,0x30,0xFF,0xD3,0xB8,0xFF,0x7A,0x00,0x00,
  0x00,0x00,0x7C,0xFF,0xC8,0x30,0xFF,0xE7,0x42,0xFF,0xE7,0x06,0x00,0x00,0x00,0x7C,0xFF,0xC8,0x30,0xFF,
  0xF8,0x00,0xCC,0xFF,0x61,0x00,0x00,0x00,0x7C,0xFF,0xC8,0x30,0xFF,0xFF,0x03,0x57,0xFF,0xD3,0x00,0x00,
  0x00,0x7C,0xFF,0xC8,0x30,0xFF,0xFF,0x0D,0x03,0xDD,0xFF,0x47,0x00,0x00,0x7C,0xFF,0xC8,0x30,0xFF,0xFF,
  0x13,0x00,0x6B,0xFF,0xBB,0x00,0x00,0x7C,0xFF,0xC8,0x30,0xFF,0xFF,0x14,0x00,0x09,0xEB,0xFF,0x2E,0x00,
  0x7C,0xFF,0xC8,0x30,0xFF,0xFF,0x14,0x00,0x00,0x80,0xFF,0xA1,0x00,0x7B,0xFF,0xC8,0x30,0xFF,0xFF,0x14,
  0x00,0x00,0x14,0xF5,0xFA,0x1A,0x76,0xFF,0xC8,0x30,0xFF,0xFF,0x14,0x00,0x00,0x00,0x94,0xFF,0x87,0x6D,
  0xFF,0xC8,0x30,0xFF,0xFF,0x14,0x00,0x00,0x00,0x21,0xFC,0xEF,0x69,0xFF,0xC8,0x30,0xFF,0xFF,0x14,0x00,
  0x00,0x00,0x00,0xA9,0xFF,0xB9,0xFF,0xC8,0x30,0xFF,0xFF,0x14,0x00,0x00,0x00,0x00,0x33,0xFF,0xFF,0xFF,
  0xC8,0x30,0xFF,0xFF,0x14,0x00,0x00,0x00,0x00,0x00,0xBD,0xFF,0xFF,0xC8,0x30,0xFF,0xFF,0x14,0x00,0x00,
  0x00,0x00,0x00,0x47,0xFF,0xFF,0xC8,0x00,0x00,0x00,0x2D,0xA0,0xE0,0xFA,0xF3,0xCD,0x79,0x0B,0x00,0x00,
  0x00,0x00,0x00,0x54,0xFB,0xFF,0xFF,0xEB,0xF3,0xFF,0xFF,0xD6,0x15,0x00,0x00,0x00,0x39,0xF9,0xFF,0xA0,
  0x1B,0x00,0x00,0x3A,0xD8,0xFF,0xCD,0x03,0x00,0x00,0xBE,0xFF,0xB6,0x00,0x00,0x00,0x00,0x00,0x21,0xF6,
  0xFF,0x5B,0x00,0x2C,0xFF,0xFF,0x3A,0x00,0x00,0x00,0x00,0x00,0x00,0x9E,0xFF,0xC8,0x00,0x6C,0xFF,0xED,
  0x01,0x00,0x00,0x00,0x00,0x00,0x00,0x54,0xFF,0xFB,0x0C,0xA2,0xFF,0xBD,0x00,0x00,0x00,0x00,0x00,0x00,
  0x00,0x24,0xFF,0xFF,0x3F,0xBA,0xFF,0xA0,0x00,0x00,0x00,0x00,0x00,0x00,0x00,0x08,0xFF,0xFF,0x55,0xCB,
  0xFF,0x94,0x00,0x00,0x00,0x00,0x00,0x00,0x00,0x00,0xFC,0xFF,0x67,0xCB,0xFF,0x94,0x00,0x00,0x00,0x00,
  0x00,0x00,0x00,0x00,0xFD,0xFF,0x66,0xBA,0xFF,0x9F,0x00,0x00,0x00,0x00,0x00,0x00,0x00,0x08,0xFF,0xFF,
  0x54,0xA4,0xFF,0xBC,0x00,0x00,0x00,0x00,0x00,0x00,0x00,0x24,0xFF,0xFF,0x3E,0x6E,0xFF,0xEB,0x01,0x00,
  0x00,0x00,0x00,0x00,0x00,0x54,0xFF,0xFB,0x0B,0x2E,0xFF,0xFF,0x38,0x00,0x00,0x00,0x00,0x00,0x00,0x9E,
  0xFF,0xC6,0x00,0x00,0xC2,0xFF,0xB4,0x00,0x00,0x00,0x00,0x00,0x21,0xF5,0xFF,0x58,0x00,0x00,0x3D,0xFB,
  0xFF,0x9D,0x19,0x00,0x00,0x3B,0xD8,0xFF,0xCA,0x02,0x00,0x00,0x00,0x5C,0xFC,0xFF,0xFE,0xE9,0xF2,0xFF,
  0xFF,0xD4,0x14,0x00,0x00,0x00,0x00,0x00,0x32,0xA4,0xE2,0xFA,0xF4,0xCC,0x78,0x0A,0x00,0x00,0x00,0x88,
  0xFF,0xFF,0xFF,0xFF,0xFF,0xF5,0xDF,0xAD,0x53,0x00,0x00,0x00,0x88,0xFF,0xFA,0xE0,0xE0,0xE1,0xEF,0xFF,
  0xFF,0xFF,0xB3,0x06,0x00,0x88,0xFF,0xD0,0x00,0x00,0x00,0x00,0x1B,0x87,0xFF,0xFF,0x86,0x00,0x88,0xFF,
  0xD0,0x00,0x00,0x00,0x00,0x00,0x00,0x9B,0xFF,0xEC,0x02,0x88,0xFF,0xD0,0x00,0x00,0x00,0x00,0x00,0x00,
  0x4C,0xFF,0xFF,0x1D,0x88,0xFF,0xD0,0x00,0x00,0x00,0x00,0x00,0x00,0x3E,0xFF,0xFF,0x21,0x88,0xFF,0xD0,
  0x00,0x00,0x00,0x00,0x00,0x00,0x60,0xFF,0xF9,0x06,0x88,0xFF,0xD0,0x00,0x00,0x00,0x00,0x00,0x06,0xCB,
  0xFF,0xB0,0x00,0x88,0xFF,0xD0,0x00,0x00,0x03,0x18,0x52,0xC9,0xFF,0xF7,0x2C,0x00,0x88,0xFF,0xFF,0xFF,
  0xFF,0xFF,0xFF,0xFF,0xFF,0xEA,0x47,0x00,0x00,0x88,0xFF,0xFA,0xE0,0xE0,0xDE,0xD3,0xB2,0x73,0x13,0x00,
  0x00,0x00,0x88,0xFF,0xD0,0x00,0x00,0x00,0x00,0x00,0x00,0x00,0x00,0x00,0x00,0x88,0xFF,0xD0,0x00,0x00,
  0x00,0x00,0x00,0x00,0x00,0x00,0x00,0x00,0x88,0xFF,0xD0,0x00,0x00,0x00,0x00,0x00,0x00,0x00,0x00,0x00,
  0x00,0x88,0xFF,0xD0,0x00,0x00,0x00,0x00,0x00,0x00,0x00,0x00,0x00,0x00,0x88,0xFF,0xD0,0x00,0x00,0x00,
  0x00,0x00,0x00,0x00,0x00,0x00,0x00,0x88,0xFF,0xD0,0x00,0x00,0x00,0x00,0x00,0x00,0x00,0x00,0x00,0x00,
  0x88,0xFF,0xD0,0x00,0x00,0x00,0x00,0x00,0x00,0x00,0x00,0x00,0x00,0x00,0x00,0x00,0x2D,0xA0,0xE0,0xFA,
  0xF3,0xCD,0x79,0x0B,0x00,0x00,0x00,0x00,0x00,0x54,0xFB,0xFF,0xFF,0xEB,0xF3,0xFF,0xFF,0xD6,0x15,0x00,
  0x00,0x00,0x39,0xF9,0xFF,0xA0,0x1B,0x00,0x00,0x3A,0xD8,0xFF,0xCC,0x02,0x00,0x00,0xBE,0xFF,0xB6,0x00,
  0x00,0x00,0x00,0x00,0x21,0xF6,0xFF,0x59,0x00,0x2C,0xFF,0xFF,0x3A,0x00,0x00,0x00,0x00,0x00,0x00,0x9E,
  0xFF,0xC6,0x00,0x6C,0xFF,0xED,0x01,0x00,0x00,0x00,0x00,0x00,0x00,0x54,0xFF,0xFB,0x0B,0xA2,0xFF,0xBD,
  0x00,0x00,0x00,0x00,0x00,0x00,0x00,0x24,0xFF,0xFF,0x3E,0xBA,0xFF,0xA0,0x00,0x00,0x00,0x00,0x00,0x00,
  0x00,0x08,0xFF,0xFF,0x55,0xCB,0xFF,0x94,0x00,0x00,0x00,0x00,0x00,0x00,0x00,0x00,0xFC,0xFF,0x67,0xCB,
  0xFF,0x94,0x00,0x00,0x00,0x00,0x00,0x00,0x00,0x00,0xFD,0xFF,0x66,0xBA,0xFF,0x9F,0x00,0x00,0x00,0x00,
  0x00,0x00,0x00,0x08,0xFF,0xFF,0x53,0xA4,0xFF,0xBC,0x00,0x00,0x00,0x00,0x00,0x00,0x00,0x24,0xFF,0xFF,
  0x3E,0x6E,0xFF,0xEB,0x01,0x00,0x00,0x00,0x00,0x00,0x00,0x54,0xFF,0xFB,0x0D,0x2E,0xFF,0xFF,0x38,0x00,
  0x00,0x00,0x00,0x00,0x00,0x9E,0xFF,0xC7,0x00,0x00,0xC2,0xFF,0xB4,0x00,0x00,0x00,0x00,0x00,0x21,0xF5,
  0xFF,0x6C,0x00,0x00,0x3D,0xFB,0xFF,0x9D,0x19,0x00,0x00,0x3B,0xD8,0xFF,0xD6,0x07,0x00,0x00,0x00,0x5C,
  0xFC,0xFF,0xFE,0xE9,0xF2,0xFF,0xFF,0xDE,0x23,0x00,0x00,0x00,0x00,0x00,0x32,0xA4,0xE2,0xFA,0xEE,0xF9,
  0xFF,0x71,0x00,0x00,0x00,0x00,0x00,0x00,0x00,0x00,0x00,0x00,0x00,0x83,0xFF,0xE8,0x0B,0x00,0x00,0x00,
  0x00,0x00,0x00,0x00,0x00,0x00,0x00,0x11,0xF1,0xFF,0x7B,0x00,0x00,0x00,0x00,0x00,0x00,0x00,0x00,0x00,
  0x00,0x00,0x84,0xFF,0xF0,0x12,0x00,0x00,0x00,0x00,0x00,0x00,0x00,0x00,0x00,0x00,0x12,0xF2,0xFF,0x8A,
  0x00,0x00,0x00,0x00,0x00,0x00,0x00,0x00,0x00,0x00,0x00,0x50,0x7C,0x72,0x00,0x88,0xFF,0xFF,0xFF,0xFF,
  0xF7,0xE4,0xB8,0x6B,0x0A,0x00,0x00,0x00,0x88,0xFF,0xFA,0xE0,0xE0,0xEA,0xFE,0xFF,0xFF,0xDF,0x26,0x00,
  0x00,0x88,0xFF,0xD0,0x00,0x00,0x00,0x0D,0x5F,0xF5,0xFF,0xCE,0x00,0x00,0x88,0xFF,0xD0,0x00,0x00,0x00,
  0x00,0x00,0x69,0xFF,0xFF,0x2D,0x00,0x88,0xFF,0xD0,0x00,0x00,0x00,0x00,0x00,0x27,0xFF,0xFF,0x50,0x00,
  0x88,0xFF,0xD0,0x00,0x00,0x00,0x00,0x00,0x2E,0xFF,0xFF,0x45,0x00,0x88,0xFF,0xD0,0x00,0x00,0x00,0x00,
  0x00,0x7A,0xFF,0xF9,0x11,0x00,0x88,0xFF,0xD0,0x00,0x00,0x00,0x0F,0x6A,0xF9,0xFF,0x86,0x00,0x00,0x88,
  0xFF,0xFA,0xE0,0xE0,0xEA,0xFE,0xFF,0xF5,0x82,0x01,0x00,0x00,0x88,0xFF,0xFF,0xFF,0xFF,0xFF,0xFF,0xF7,
  0x1E,0x00,0x00,0x00,0x00,0x88,0xFF,0xD0,0x00,0x00,0x12,0xEE,0xFF,0x77,0x00,0x00,0x00,0x00,0x88,0xFF,
  0xD0,0x00,0x00,0x00,0x72,0xFF,0xF2,0x18,0x00,0x00,0x00,0x88,0xFF,0xD0,0x00,0x00,0x00,0x06,0xDC,0xFF,
  0x9F,0x00,0x00,0x00,0x88,0xFF,0xD0,0x00,0x00,0x00,0x00,0x54,0xFF,0xFE,0x34,0x00,0x00,0x88,0xFF,0xD0,
  0x00,0x00,0x00,0x00,0x00,0xC4,0xFF,0xC5,0x00,0x00,0x88,0xFF,0xD0,0x00,0x00,0x00,0x00,0x00,0x37,0xFE,
  0xFF,0x5A,0x00,0x88,0xFF,0xD0,0x00,0x00,0x00,0x00,0x00,0x00,0xA7,0xFF,0xE3,0x0A,0x88,0xFF,0xD0,0x00,
  0x00,0x00,0x00,0x00,0x00,0x20,0xF8,0xFF,0x82,0x00,0x00,0x10,0x7A,0xC7,0xEE,0xFC,0xF3,0xD5,0xA3,0x5D,
  0x0B,0x00,0x2E,0xE7,0xFF,0xFF,0xFA,0xE6,0xF3,0xFF,0xFF,0xFF,0x2D,0x03,0xD9,0xFF,0xE3,0x4B,0x02,0x00,
  0x00,0x23,0x78,0xA6,0x00,0x3A,0xFF,0xFF,0x45,0x00,0x00,0x00,0x00,0x00,0x00,0x00,0x00,0x59,0xFF,0xFF,
  0x0F,0x00,0x00,0x00,0x00,0x00,0x00,0x00,0x00,0x47,0xFF,0xFF,0x2C,0x00,0x00,0x00,0x00,0x00,0x00,0x00,
  0x00,0x0E,0xF1,0xFF,0xC8,0x1E,0x00,0x00,0x00,0x00,0x00,0x00,0x00,0x00,0x60,0xFE,0xFF,0xF7,0x99,0x2A,
  0x00,0x00,0x00,0x00,0x00,0x00,0x00,0x47,0xD9,0xFF,0xFF,0xFF,0xBB,0x47,0x00,0x00,0x00,0x00,0x00,0x00,
  0x02,0x57,0xCC,0xFF,0xFF,0xFF,0xBE,0x20,0x00,0x00,0x00,0x00,0x00,0x00,0x00,0x3B,0xB1,0xFF,0xFF,0xE1,
  0x14,0x00,0x00,0x00,0x00,0x00,0x00,0x00,0x00,0x4C,0xFB,0xFF,0x7D,0x00,0x00,0x00,0x00,0x00,0x00,0x00,
  0x00,0x00,0xB9,0xFF,0xAF,0x00,0x00,0x00,0x00,0x00,0x00,0x00,0x00,0x00,0xB9,0xFF,0xB4,0x00,0x00,0x00,
  0x00,0x00,0x00,0x00,0x00,0x15,0xEE,0xFF,0x89,0xA2,0x7F,0x39,0x0A,0x00,0x00,0x03,0x3F,0xCA,0xFF,0xF9,
  0x25,0xCC,0xFF,0xFF,0xFD,0xEC,0xE6,0xFC,0xFF,0xFF,0xF6,0x56,0x00,0x33,0x89,0xBE,0xD8,0xEE,0xFB,0xEF,
  0xCB,0x88,0x20,0x00,0x00,0xD4,0xFF,0xFF,0xFF,0xFF,0xFF,0xFF,0xFF,0xFF,0xFF,0xFF,0xFF,0xFF,0x70,0xB9,
  0xE0,0xE0,0xE0,0xE0,0xEC,0xFF,0xFF,0xE0,0xE0,0xE0,0xE0,0xE0,0x62,0x00,0x00,0x00,0x00,0x00,0x60,0xFF,
  0xF8,0x00,0x00,0x00,0x00,0x00,0x00,0x00,0x00,0x00,0x00,0x00,0x60,0xFF,0xF8,0x00,0x00,0x00,0x00,0x00,
  0x00,0x00,0x00,0x00,0x00,0x00,0x60,0xFF,0xF8,0x00,0x00,0x00,0x00,0x00,0x00,0x00,0x00,0x00,0x00,0x00,
  0x60,0xFF,0xF8,0x00,0x00,0x00,0x00,0x00,0x00,0x00,0x00,0x00,0x00,0x00,0x60,0xFF,0xF8,0x00,0x00,0x00,
  0x00,0x00,0x00,0x00,0x00,0x00,0x00,0x00,0x60,0xFF,0xF8,0x00,0x00,0x00,0x00,0x00,0x00,0x00,0x00,0x00,
  0x00,0x00,0x60,0xFF,0xF8,0x00,0x00,0x00,0x00,0x00,0x00,0x00,0x00,0x00,0x00,0x00,0x60,0xFF,0xF8,0x00,
  0x00,0x00,0x00,0x00,0x00,0x00,0x00,0x00,0x00,0x00,0x60,0xFF,0xF8,0x00,0x00,0x00,0x00,0x00,0x00,0x00,
  0x00,0x00,0x00,0x00,0x60,0xFF,0xF8,0x00,0x00,0x00,0x00,0x00,0x00,0x00,0x00,0x00,0x00,0x00,0x60,0xFF,
  0xF8,0x00,0x00,0x00,0x00,0x00,0x00,0x00,0x00,0x00,0x00,0x00,0x60,0xFF,0xF8,0x00,0x00,0x00,0x00,0x00,
  0x00,0x00,0x00,0x00,0x00,0x00,0x60,0xFF,0xF8,0x00,0x00,0x00,0x00,0x00,0x00,0x00,0x00,0x00,0x00,0x00,
  0x60,0xFF,0xF8,0x00,0x00,0x00,0x00,0x00,0x00,0x00,0x00,0x00,0x00,0x00,0x60,0xFF,0xF8,0x00,0x00,0x00,
  0x00,0x00,0x00,0x00,0x00,0x00,0x00,0x00,0x60,0xFF,0xF8,0x00,0x00,0x00,0x00,0x00,0x00,0x30,0xFF,0xFF,
  0x28,0x00,0x00,0x00,0x00,0x00,0x00,0x90,0xFF,0xC8,0x30,0xFF,0xFF,0x28,0x00,0x00,0x00,0x00,0x00,0x00,
  0x90,0xFF,0xC8,0x30,0xFF,0xFF,0x28,0x00,0x00,0x00,0x00,0x00,0x00,0x90,0xFF,0xC8,0x30,0xFF,0xFF,0x28,
  0x00,0x00,0x00,0x00,0x00,0x00,0x90,0xFF,0xC8,0x30,0xFF,0xFF,0x28,0x00,0x00,0x00,0x00,0x00,0x00,0x90,
  0xFF,0xC8,0x30,0xFF,0xFF,0x28,0x00,0x00,0x00,0x00,0x00,0x00,0x90,0xFF,0xC8,0x30,0xFF,0xFF,0x28,0x00,
  0x00,0x00,0x00,0x00,0x00,0x90,0xFF,0xC8,0x30,0xFF,0xFF,0x28,0x00,0x00,0x00,0x00,0x00,0x00,0x90,0xFF,
  0xC8,0x30,0xFF,0xFF,0x28,0x00,0x00,0x00,0x00,0x00,0x00,0x90,0xFF,0xC8,0x30,0xFF,0xFF,0x28,0x00,0x00,
  0x00,0x00,0x00,0x00,0x90,0xFF,0xC8,0x30,0xFF,0xFF,0x28,0x00,0x00,0x00,0x00,0x00,0x00,0x90,0xFF,0xC8,
  0x2C,0xFF,0xFF,0x2A,0x00,0x00,0x00,0x00,0x00,0x00,0x92,0xFF,0xC5,0x1B,0xFF,0xFF,0x3A,0x00,0x00,0x00,
  0x00,0x00,0x00,0xA2,0xFF,0xB2,0x05,0xF5,0xFF,0x67,0x00,0x00,0x00,0x00,0x00,0x00,0xCC,0xFF,0x8F,0x00,
  0xB7,0xFF,0xC6,0x00,0x00,0x00,0x00,0x00,0x2A,0xFE,0xFF,0x48,0x00,0x43,0xFF,0xFF,0x99,0x14,0x00,0x00,
  0x38,0xD8,0xFF,0xCC,0x02,0x00,0x00,0x81,0xFF,0xFF,0xFE,0xE9,0xF5,0xFF,0xFF,0xE0,0x27,0x00,0x00,0x00,
  0x00,0x43,0xAB,0xDF,0xF8,0xEC,0xCD,0x7B,0x13,0x00,0x00,0x2E,0xFF,0xFF,0x3E,0x00,0x00,0x00,0x00,0x00,
  0x00,0x00,0x00,0xAB,0xFF,0xC9,0x00,0xD9,0xFF,0x8D,0x00,0x00,0x00,0x00,0x00,0x00,0x00,0x05,0xF1,0xFF,
  0x76,0x00,0x84,0xFF,0xDC,0x00,0x00,0x00,0x00,0x00,0x00,0x00,0x44,0xFF,0xFF,0x23,0x00,0x2F,0xFF,0xFF,
  0x2B,0x00,0x00,0x00,0x00,0x00,0x00,0x90,0xFF,0xCF,0x00,0x00,0x00,0xDA,0xFF,0x7A,0x00,0x00,0x00,0x00,
  0x00,0x00,0xDC,0xFF,0x7B,0x00,0x00,0x00,0x85,0xFF,0xC9,0x00,0x00,0x00,0x00,0x00,0x2A,0xFF,0xFF,0x28,
  0x00,0x00,0x00,0x30,0xFF,0xFE,0x19,0x00,0x00,0x00,0x00,0x76,0xFF,0xD4,0x00,0x00,0x00,0x00,0x00,0xDB,
  0xFF,0x66,0x00,0x00,0x00,0x00,0xC3,0xFF,0x81,0x00,0x00,0x00,0x00,0x00,0x87,0xFF,0xB5,0x00,0x00,0x00,
  0x12,0xFC,0xFF,0x2D,0x00,0x00,0x00,0x00,0x00,0x32,0xFF,0xF8,0x0C,0x00,0x00,0x5C,0xFF,0xDA,0x00,0x00,
  0x00,0x00,0x00,0x00,0x00,0xDC,0xFF,0x53,0x00,0x00,0xA9,0xFF,0x86,0x00,0x00,0x00,0x00,0x00,0x00,0x00,
  0x88,0xFF,0xA2,0x00,0x04,0xF0,0xFF,0x32,0x00,0x00,0x00,0x00,0x00,0x00,0x00,0x33,0xFF,0xEC,0x02,0x3E,
  0xFF,0xDE,0x00,0x00,0x00,0x00,0x00,0x00,0x00,0x00,0x00,0xDD,0xFF,0x3B,0x85,0xFF,0x8B,0x00,0x00,0x00,
  0x00,0x00,0x00,0x00,0x00,0x00,0x89,0xFF,0x7F,0xC7,0xFF,0x38,0x00,0x00,0x00,0x00,0x00,0x00,0x00,0x00,
  0x00,0x34,0xFF,0xCA,0xFA,0xE3,0x01,0x00,0x00,0x00,0x00,0x00,0x00,0x00,0x00,0x00,0x00,0xDE,0xFF,0xFF,
  0x91,0x00,0x00,0x00,0x00,0x00,0x00,0x00,0x00,0x00,0x00,0x00,0x8A,0xFF,0xFF,0x3D,0x00,0x00,0x00,0x00,
  0x00,0x4A,0xFF,0xDC,0x00,0x00,0x00,0x00,0x00,0x00,0x00,0x00,0x00,0x40,0xFF,0xE6,0x2C,0xFF,0xF5,0x00,
  0x00,0x00,0x00,0x00,0x00,0x00,0x00,0x00,0x58,0xFF,0xCB,0x0E,0xFF,0xFF,0x0E,0x00,0x00,0x00,0x00,0x00,
  0x00,0x00,0x00,0x6F,0xFF,0xB0,0x00,0xF1,0xFF,0x28,0x00,0x00,0x00,0x00,0x00,0x00,0x00,0x00,0x86,0xFF,
  0x96,0x00,0xD3,0xFF,0x41,0x00,0x00,0x6A,0xFF,0xFD,0x10,0x00,0x00,0x9E,0xFF,0x7B,0x00,0xB6,0xFF,0x5A,
  0x00,0x00,0xA5,0xFF,0xFF,0x4C,0x00,0x00,0xB4,0xFF,0x60,0x00,0x98,0xFF,0x74,0x00,0x00,0xE1,0xE0,0xFF,
  0x89,0x00,0x00,0xCB,0xFF,0x46,0x00,0x7B,0xFF,0x8D,0x00,0x1B,0xFF,0x9B,0xEB,0xC7,0x00,0x00,0xE1,0xFF,
  0x2B,0x00,0x5D,0xFF,0xA5,0x00,0x57,0xFF,0x69,0xB6,0xFA,0x0A,0x00,0xF6,0xFF,0x10,0x00,0x40,0xFF,0xBC,
  0x00,0x93,0xFF,0x30,0x7C,0xFF,0x42,0x0B,0xFF,0xF6,0x00,0x00,0x22,0xFF,0xD2,0x00,0xCB,0xF2,0x03,0x40,
  0xFF,0x7F,0x1E,0xFF,0xDB,0x00,0x00,0x06,0xFE,0xE6,0x07,0xFA,0xBA,0x00,0x08,0xF9,0xBC,0x30,0xFF,0xC0,
  0x00,0x00,0x00,0xE7,0xF8,0x39,0xFF,0x7E,0x00,0x00,0xC4,0xF3,0x42,0xFF,0xA6,0x00,0x00,0x00,0xC9,0xFF,
  0x77,0xFF,0x43,0x00,0x00,0x86,0xFF,0x79,0xFF,0x8B,0x00,0x00,0x00,0xAC,0xFF,0xBC,0xFC,0x0B,0x00,0x00,
  0x49,0xFF,0xBC,0xFF,0x70,0x00,0x00,0x00,0x8E,0xFF,0xF5,0xCC,0x00,0x00,0x00,0x0E,0xFC,0xF5,0xFF,0x56,
  0x00,0x00,0x00,0x71,0xFF,0xFF,0x90,0x00,0x00,0x00,0x00,0xCD,0xFF,0xFF,0x3B,0x00,0x00,0x00,0x53,0xFF,
  0xFF,0x55,0x00,0x00,0x00,0x00,0x8F,0xFF,0xFF,0x21,0x00,0x00,0x66,0xFF,0xF9,0x22,0x00,0x00,0x00,0x00,
  0x00,0x00,0x76,0xFF,0xEB,0x12,0x00,0x01,0xC7,0xFF,0xAC,0x00,0x00,0x00,0x00,0x00,0x16,0xF1,0xFF,0x62,
  0x00,0x00,0x00,0x30,0xFC,0xFF,0x3C,0x00,0x00,0x00,0x00,0x9A,0xFF,0xC6,0x01,0x00,0x00,0x00,0x00,0x8F,
  0xFF,0xCA,0x01,0x00,0x00,0x2F,0xFD,0xFC,0x30,0x00,0x00,0x00,0x00,0x00,0x0D,0xE5,0xFF,0x5C,0x00,0x00,
  0xBE,0xFF,0x90,0x00,0x00,0x00,0x00,0x00,0x00,0x00,0x56,0xFF,0xE2,0x09,0x52,0xFF,0xE7,0x0E,0x00,0x00,
  0x00,0x00,0x00,0x00,0x00,0x00,0xB9,0xFF,0x84,0xDC,0xFF,0x5A,0x00,0x00,0x00,0x00,0x00,0x00,0x00,0x00,
  0x00,0x24,0xF8,0xFF,0xFF,0xBE,0x00,0x00,0x00,0x00,0x00,0x00,0x00,0x00,0x00,0x00,0x00,0x84,0xFF,0xFD,
  0x29,0x00,0x00,0x00,0x00,0x00,0x00,0x00,0x00,0x00,0x00,0x00,0xB8,0xFF,0xFF,0x53,0x00,0x00,0x00,0x00,
  0x00,0x00,0x00,0x00,0x00,0x00,0x5B,0xFF,0xEC,0xFF,0xE5,0x0E,0x00,0x00,0x00,0x00,0x00,0x00,0x00,0x00,
  0x12,0xEA,0xFF,0x4F,0xA8,0xFF,0x96,0x00,0x00,0x00,0x00,0x00,0x00,0x00,0x00,0x9F,0xFF,0xB5,0x00,0x1A,
  0xF2,0xFE,0x39,0x00,0x00,0x00,0x00,0x00,0x00,0x40,0xFF,0xF8,0x23,0x00,0x00,0x73,0xFF,0xD3,0x05,0x00,
  0x00,0x00,0x00,0x07,0xD9,0xFF,0x82,0x00,0x00,0x00,0x04,0xD4,0xFF,0x7A,0x00,0x00,0x00,0x00,0x84,0xFF,
  0xDF,0x09,0x00,0x00,0x00,0x00,0x3F,0xFF,0xF7,0x24,0x00,0x00,0x2B,0xFA,0xFF,0x4E,0x00,0x00,0x00,0x00,
  0x00,0x00,0xA4,0xFF,0xBD,0x00,0x01,0xC5,0xFF,0xB5,0x00,0x00,0x00,0x00,0x00,0x00,0x00,0x18,0xF1,0xFF,
  0x5F,0x02,0xD3,0xFF,0xB7,0x00,0x00,0x00,0x00,0x00,0x00,0x00,0x15,0xF6,0xFF,0x6C,0x00,0x50,0xFF,0xFF,
  0x30,0x00,0x00,0x00,0x00,0x00,0x00,0x85,0xFF,0xE1,0x06,0x00,0x00,0xC9,0xFF,0xA8,0x00,0x00,0x00,0x00,
  0x00,0x0E,0xF0,0xFF,0x62,0x00,0x00,0x00,0x45,0xFF,0xFC,0x24,0x00,0x00,0x00,0x00,0x77,0xFF,0xD9,0x03,
  0x00,0x00,0x00,0x00,0xBF,0xFF,0x99,0x00,0x00,0x00,0x08,0xE7,0xFF,0x58,0x00,0x00,0x00,0x00,0x00,0x3A,
  0xFF,0xF8,0x19,0x00,0x00,0x69,0xFF,0xD1,0x01,0x00,0x00,0x00,0x00,0x00,0x00,0xB4,0xFF,0x8A,0x00,0x03,
  0xDE,0xFF,0x4D,0x00,0x00,0x00,0x00,0x00,0x00,0x00,0x2F,0xFE,0xF2,0x10,0x5A,0xFF,0xC8,0x00,0x00,0x00,
  0x00,0x00,0x00,0x00,0x00,0x00,0xA9,0xFF,0x7C,0xD2,0xFF,0x43,0x00,0x00,0x00,0x00,0x00,0x00,0x00,0x00,
  0x00,0x26,0xFC,0xF9,0xFF,0xBE,0x00,0x00,0x00,0x00,0x00,0x00,0x00,0x00,0x00,0x00,0x00,0x9E,0xFF,0xFF,
  0x39,0x00,0x00,0x00,0x00,0x00,0x00,0x00,0x00,0x00,0x00,0x00,0x50,0xFF,0xEC,0x00,0x00,0x00,0x00,0x00,
  0x00,0x00,0x00,0x00,0x00,0x00,0x00,0x50,0xFF,0xEC,0x00,0x00,0x00,0x00,0x00,0x00,0x00,0x00,0x00,0x00,
  0x00,0x00,0x50,0xFF,0xEC,0x00,0x00,0x00,0x00,0x00,0x00,0x00,0x00,0x00,0x00,0x00,0x00,0x50,0xFF,0xEC,
  0x00,0x00,0x00,0x00,0x00,0x00,0x00,0x00,0x00,0x00,0x00,0x00,0x50,0xFF,0xEC,0x00,0x00,0x00,0x00,0x00,
  0x00,0x00,0x00,0x00,0x00,0x00,0x00,0x50,0xFF,0xEC,0x00,0x00,0x00,0x00,0x00,0x00,0x00,0x00,0x00,0x00,
  0x00,0x00,0x50,0xFF,0xEC,0x00,0x00,0x00,0x00,0x00,0x00,0x04,0xFF,0xFF,0xFF,0xFF,0xFF,0xFF,0xFF,0xFF,
  0xFF,0xFF,0x20,0x03,0xE0,0xE0,0xE0,0xE0,0xE0,0xE0,0xE0,0xEA,0xFF,0xFF,0x1A,0x00,0x00,0x00,0x00,0x00,
  0x00,0x00,0x00,0xA4,0xFF,0xAC,0x00,0x00,0x00,0x00,0x00,0x00,0x00,0x00,0x36,0xFE,0xF9,0x22,0x00,0x00,
  0x00,0x00,0x00,0x00,0x00,0x00,0xC6,0xFF,0x8B,0x00,0x00,0x00,0x00,0x00,0x00,0x00,0x00,0x5A,0xFF,0xEB,
  0x0F,0x00,0x00,0x00,0x00,0x00,0x00,0x00,0x09,0xE2,0xFF,0x6A,0x00,0x00,0x00,0x00,0x00,0x00,0x00,0x00,
  0x7E,0xFF,0xD6,0x04,0x00,0x00,0x00,0x00,0x00,0x00,0x00,0x1A,0xF4,0xFF,0x49,0x00,0x00,0x00,0x00,0x00,
  0x00,0x00,0x00,0xA2,0xFF,0xB9,0x00,0x00,0x00,0x00,0x00,0x00,0x00,0x00,0x34,0xFE,0xFC,0x2C,0x00,0x00,
  0x00,0x00,0x00,0x00,0x00,0x00,0xC4,0xFF,0x98,0x00,0x00,0x00,0x00,0x00,0x00,0x00,0x00,0x57,0xFF,0xF1,
  0x16,0x00,0x00,0x00,0x00,0x00,0x00,0x00,0x08,0xE0,0xFF,0x77,0x00,0x00,0x00,0x00,0x00,0x00,0x00,0x00,
  0x7B,0xFF,0xDF,0x07,0x00,0x00,0x00,0x00,0x00,0x00,0x00,0x19,0xF3,0xFF,0x56,0x00,0x00,0x00,0x00,0x00,
  0x00,0x00,0x00,0x7F,0xFF,0xFF,0xE0,0xE0,0xE0,0xE0,0xE0,0xE0,0xE0,0xE0,0x1C,0x88,0xFF,0xFF,0xFF,0xFF,
  0xFF,0xFF,0xFF,0xFF,0xFF,0xFF,0x20,0xC4,0xFF,0xFF,0xFF,0xFF,0xFF,0x18,0xC4,0xFF,0xEF,0xE0,0xE0,0xE0,
  0x15,0xC4,0xFF,0x78,0x00,0x00,0x00,0x00,0xC4,0xFF,0x78,0x00,0x00,0x00,0x00,0xC4,0xFF,0x78,0x00,0x00,
  0x00,0x00,0xC4,0xFF,0x78,0x00,0x00,0x00,0x00,0xC4,0xFF,0x78,0x00,0x00,0x00,0x00,0xC4,0xFF,0x78,0x00,
  0x00,0x00,0x00,0xC4,0xFF,0x78,0x00,0x00,0x00,0x00,0xC4,0xFF,0x78,0x00,0x00,0x00,0x00,0xC4,0xFF,0x78,
  0x00,0x00,0x00,0x00,0xC4,0xFF,0x78,0x00,0x00,0x00,0x00,0xC4,0xFF,0x78,0x00,0x00,0x00,0x00,0xC4,0xFF,
  0x78,0x00,0x00,0x00,0x00,0xC4,0xFF,0x78,0x00,0x00,0x00,0x00,0xC4,0xFF,0x78,0x00,0x00,0x00,0x00,0xC4,
  0xFF,0x78,0x00,0x00,0x00,0x00,0xC4,0xFF,0x78,0x00,0x00,0x00,0x00,0xC4,0xFF,0x78,0x00,0x00,0x00,0x00,
  0xC4,0xFF,0x78,0x00,0x00,0x00,0x00,0xC4,0xFF,0xEF,0xE0,0xE0,0xE0,0x15,0xC4,0xFF,0xFF,0xFF,0xFF,0xFF,
  0x18,0xB1,0xFF,0x89,0x00,0x00,0x00,0x00,0x00,0x00,0x00,0x4C,0xFF,0xE9,0x05,0x00,0x00,0x00,0x00,0x00,
  0x00,0x03,0xE4,0xFF,0x54,0x00,0x00,0x00,0x00,0x00,0x00,0x00,0x81,0xFF,0xB9,0x00,0x00,0x00,0x00,0x00,
  0x00,0x00,0x1E,0xFD,0xFE,0x21,0x00,0x00,0x00,0x00,0x00,0x00,0x00,0xB7,0xFF,0x84,0x00,0x00,0x00,0x00,
  0x00,0x00,0x00,0x51,0xFF,0xE6,0x04,0x00,0x00,0x00,0x00,0x00,0x00,0x04,0xE7,0xFF,0x4F,0x00,0x00,0x00,
  0x00,0x00,0x00,0x00,0x87,0xFF,0xB4,0x00,0x00,0x00,0x00,0x00,0x00,0x00,0x23,0xFE,0xFD,0x1D,0x00,0x00,
  0x00,0x00,0x00,0x00,0x00,0xBC,0xFF,0x7F,0x00,0x00,0x00,0x00,0x00,0x00,0x00,0x57,0xFF,0xE2,0x02,0x00,
  0x00,0x00,0x00,0x00,0x00,0x06,0xEB,0xFF,0x49,0x00,0x00,0x00,0x00,0x00,0x00,0x00,0x8C,0xFF,0xAF,0x00,
  0x00,0x00,0x00,0x00,0x00,0x00,0x27,0xFF,0xFB,0x19,0x00,0x00,0x00,0x00,0x00,0x00,0x00,0xC1,0xFF,0x79,
  0x00,0x00,0x00,0x00,0x00,0x00,0x00,0x5C,0xFF,0xDE,0x01,0x00,0x00,0x00,0x00,0x00,0x00,0x08,0xEE,0xFF,
  0x44,0x80,0xFF,0xFF,0xFF,0xFF,0xFF,0x5C,0x70,0xE0,0xE0,0xE0,0xFC,0xFF,0x5C,0x00,0x00,0x00,0x00,0xE0,
  0xFF,0x5C,0x00,0x00,0x00,0x00,0xE0,0xFF,0x5C,0x00,0x00,0x00,0x00,0xE0,0xFF,0x5C,0x00,0x00,0x00,0x00,
  0xE0,0xFF,0x5C,0x00,0x00,0x00,0x00,0xE0,0xFF,0x5C,0x00,0x00,0x00,0x00,0xE0,0xFF,0x5C,0x00,0x00,0x00,
  0x00,0xE0,0xFF,0x5C,0x00,0x00,0x00,0x00,0xE0,0xFF,0x5C,0x00,0x00,0x00,0x00,0xE0,0xFF,0x5C,0x00,0x00,
  0x00,0x00,0xE0,0xFF,0x5C,0x00,0x00,0x00,0x00,0xE0,0xFF,0x5C,0x00,0x00,0x00,0x00,0xE0,0xFF,0x5C,0x00,
  0x00,0x00,0x00,0xE0,0xFF,0x5C,0x00,0x00,0x00,0x00,0xE0,0xFF,0x5C,0x00,0x00,0x00,0x00,0xE0,0xFF,0x5C,
  0x00,0x00,0x00,0x00,0xE0,0xFF,0x5C,0x00,0x00,0x00,0x00,0xE0,0xFF,0x5C,0x00,0x00,0x00,0x00,0xE0,0xFF,
  0x5C,0x70,0xE0,0xE0,0xE0,0xFC,0xFF,0x5C,0x80,0xFF,0xFF,0xFF,0xFF,0xFF,0x5C,0x00,0x00,0x00,0x00,0x00,
  0x21,0x80,0x25,0x00,0x00,0x00,0x00,0x00,0x00,0x00,0x00,0x00,0x00,0x00,0xA0,0xFF,0xB0,0x00,0x00,0x00,
  0x00,0x00,0x00,0x00,0x00,0x00,0x00,0x20,0xFB,0xFF,0xFF,0x39,0x00,0x00,0x00,0x00,0x00,0x00,0x00,0x00,
  0x00,0x98,0xFF,0x70,0xFD,0xC1,0x00,0x00,0x00,0x00,0x00,0x00,0x00,0x00,0x1A,0xF8,0xCF,0x00,0xA2,0xFF,
  0x4A,0x00,0x00,0x00,0x00,0x00,0x00,0x00,0x90,0xFF,0x58,0x00,0x22,0xFA,0xD1,0x01,0x00,0x00,0x00,0x00,
  0x00,0x15,0xF5,0xDE,0x03,0x00,0x00,0x98,0xFF,0x5B,0x00,0x00,0x00,0x00,0x00,0x87,0xFF,0x6A,0x00,0x00,
  0x00,0x1B,0xF7,0xDE,0x06,0x00,0x00,0x00,0x10,0xF1,0xEA,0x09,0x00,0x00,0x00,0x00,0x8E,0xFF,0x6D,0x00,
  0x00,0x00,0x7F,0xFF,0x7C,0x00,0x00,0x00,0x00,0x00,0x15,0xF3,0xE9,0x0C,0x00,0x0C,0xED,0xF3,0x12,0x00,
  0x00,0x00,0x00,0x00,0x00,0x84,0xFF,0x7E,0x00,0x76,0xFF,0x8F,0x00,0x00,0x00,0x00,0x00,0x00,0x00,0x10,
  0xEE,0xF2,0x15,0xE0,0xE0,0xE0,0xE0,0xE0,0xE0,0xE0,0xE0,0xE0,0xE0,0xE0,0xE0,0xE0,0xE0,0xE0,0x85,0xFF,
  0xFF,0xFF,0xFF,0xFF,0xFF,0xFF,0xFF,0xFF,0xFF,0xFF,0xFF,0xFF,0xFF,0xFF,0x98,0x07,0xDA,0xFF,0xE3,0x0A,
  0x00,0x00,0x00,0x25,0xE8,0xFF,0x8A,0x00,0x00,0x00,0x00,0x2B,0xEA,0xFD,0x3B,0x00,0x00,0x00,0x00,0x23,
  0xD7,0xE4,0x0D,0x00,0x00,0x13,0x71,0xBE,0xE9,0xFA,0xF4,0xD4,0x8E,0x1B,0x00,0x00,0x00,0x0A,0xEE,0xFF,
  0xFF,0xFD,0xE8,0xF6,0xFF,0xFF,0xEF,0x33,0x00,0x00,0x00,0x72,0x7D,0x29,0x05,0x00,0x00,0x31,0xBD,0xFF,
  0xCF,0x00,0x00,0x00,0x00,0x00,0x00,0x00,0x00,0x00,0x00,0x15,0xFC,0xFF,0x1F,0x00,0x00,0x00,0x00,0x00,
  0x00,0x00,0x00,0x00,0x00,0xE4,0xFF,0x3D,0x00,0x00,0x00,0x43,0x95,0xC2,0xD7,0xDF,0xE0,0xE0,0xFC,0xFF,
  0x44,0x00,0x0D,0xB7,0xFF,0xFF,0xFF,0xFF,0xFF,0xFF,0xFF,0xFF,0xFF,0x44,0x00,0x9F,0xFF,0xFB,0x89,0x34,
  0x0E,0x02,0x00,0x00,0xE0,0xFF,0x44,0x0B,0xF8,0xFF,0x69,0x00,0x00,0x00,0x00,0x00,0x00,0xE9,0xFF,0x44,
  0x28,0xFF,0xFF,0x12,0x00,0x00,0x00,0x00,0x00,0x16,0xFF,0xFF,0x44,0x20,0xFF,0xFF,0x28,0x00,0x00,0x00,
  0x00,0x00,0x95,0xFF,0xFF,0x44,0x01,0xE3,0xFF,0xBA,0x1B,0x00,0x00,0x29,0xA2,0xFE,0xFA,0xFF,0x44,0x00,
  0x54,0xFD,0xFF,0xFF,0xE9,0xF1,0xFF,0xFB,0x63,0xCC,0xFF,0x44,0x00,0x00,0x3D,0xB3,0xED,0xFA,0xE5,0xA6,
  0x31,0x00,0xAC,0xFF,0x44,0xEC,0xFF,0x58,0x00,0x00,0x00,0x00,0x00,0x00,0x00,0x00,0x00,0x00,0xEC,0xFF,
  0x58,0x00,0x00,0x00,0x00,0x00,0x00,0x00,0x00,0x00,0x00,0xEC,0xFF,0x58,0x00,0x00,0x00,0x00,0x00,0x00,
  0x00,0x00,0x00,0x00,0xEC,0xFF,0x58,0x00,0x00,0x00,0x00,0x00,0x00,0x00,0x00,0x00,0x00,0xEC,0xFF,0x57,
  0x00,0x00,0x00,0x00,0x00,0x00,0x00,0x00,0x00,0x00,0xEC,0xFF,0x54,0x1D,0x98,0xE1,0xF9,0xE7,0xA7,0x2E,
  0x00,0x00,0x00,0xEC,0xFF,0x74,0xEC,0xFF,0xF0,0xEA,0xFF,0xFF,0xFA,0x58,0x00,0x00,0xEC,0xFF,0xFA,0xDD,
  0x3E,0x00,0x00,0x23,0xBE,0xFF,0xF7,0x26,0x00,0xEC,0xFF,0xFA,0x28,0x00,0x00,0x00,0x00,0x0D,0xE8,0xFF,
  0x9A,0x00,0xEC,0xFF,0xAF,0x00,0x00,0x00,0x00,0x00,0x00,0x8B,0xFF,0xE5,0x00,0xEC,0xFF,0x74,0x00,0x00,
  0x00,0x00,0x00,0x00,0x55,0xFF,0xFF,0x12,0xEC,0xFF,0x5D,0x00,0x00,0x00,0x00,0x00,0x00,0x3E,0xFF,0xFF,
  0x24,0xEC,0xFF,0x5E,0x00,0x00,0x00,0x00,0x00,0x00,0x3F,0xFF,0xFF,0x23,0xEC,0xFF,0x76,0x00,0x00,0x00,
  0x00,0x00,0x00,0x55,0xFF,0xFF,0x11,0xEC,0xFF,0xAF,0x00,0x00,0x00,0x00,0x00,0x00,0x8B,0xFF,0xE3,0x00,
  0xEC,0xFF,0xF9,0x22,0x00,0x00,0x00,0x00,0x0D,0xE8,0xFF,0x96,0x00,0xEC,0xFF,0xFF,0xD7,0x37,0x00,0x00,
  0x22,0xBE,0xFF,0xF6,0x24,0x00,0xEC,0xFF,0x5A,0xF3,0xFF,0xEF,0xE9,0xFF,0xFF,0xFA,0x55,0x00,0x00,0xEC,
  0xFD,0x03,0x23,0x9D,0xE3,0xF9,0xE8,0xA6,0x2D,0x00,0x00,0x00,0x00,0x00,0x00,0x41,0x9D,0xDA,0xF3,0xF2,
  0xD7,0xAA,0x51,0x03,0x00,0x05,0xA2,0xFF,0xFF,0xFF,0xEC,0xED,0xFF,0xFF,0xE4,0x02,0x00,0x92,0xFF,0xFD,
  0x82,0x17,0x00,0x00,0x0E,0x5A,0x68,0x00,0x2B,0xFF,0xFF,0x77,0x00,0x00,0x00,0x00,0x00,0x00,0x00,0x00,
  0x80,0xFF,0xF2,0x09,0x00,0x00,0x00,0x00,0x00,0x00,0x00,0x00,0xB0,0xFF,0xBD,0x00,0x00,0x00,0x00,0x00,
  0x00,0x00,0x00,0x00,0xC5,0xFF,0xA3,0x00,0x00,0x00,0x00,0x00,0x00,0x00,0x00,0x00,0xC5,0xFF,0xA1,0x00,
  0x00,0x00,0x00,0x00,0x00,0x00,0x00,0x00,0xB4,0xFF,0xB8,0x00,0x00,0x00,0x00,0x00,0x00,0x00,0x00,0x00,
  0x88,0xFF,0xEC,0x05,0x00,0x00,0x00,0x00,0x00,0x00,0x00,0x00,0x3C,0xFF,0xFF,0x68,0x00,0x00,0x00,0x00,
  0x00,0x00,0x00,0x00,0x00,0xBA,0xFF,0xFA,0x7A,0x14,0x00,0x00,0x08,0x32,0x7D,0x00,0x00,0x13,0xC3,0xFF,
  0xFF,0xFE,0xE9,0xEC,0xFF,0xFF,0xF8,0x00,0x00,0x00,0x03,0x5A,0xB4,0xE7,0xFA,0xF1,0xDC,0xB6,0x6E,0x00,
  0x00,0x00,0x00,0x00,0x00,0x00,0x00,0x00,0x00,0x00,0xCC,0xFF,0x84,0x00,0x00,0x00,0x00,0x00,0x00,0x00,
  0x00,0x00,0x00,0xCC,0xFF,0x84,0x00,0x00,0x00,0x00,0x00,0x00,0x00,0x00,0x00,0x00,0xCC,0xFF,0x84,0x00,
  0x00,0x00,0x00,0x00,0x00,0x00,0x00,0x00,0x00,0xCC,0xFF,0x84,0x00,0x00,0x00,0x00,0x00,0x00,0x00,0x00,
  0x00,0x00,0xCC,0xFF,0x84,0x00,0x00,0x04,0x66,0xC1,0xED,0xF8,0xDC,0x83,0x08,0xC8,0xFF,0x84,0x00,0x0A,
  0xBD,0xFF,0xFF,0xFC,0xE7,0xFB,0xFF,0xC0,0xB9,0xFF,0x84,0x00,0x8E,0xFF,0xFF,0x8F,0x11,0x00,0x05,0x6E,
  0xFD,0xFC,0xFF,0x84,0x0F,0xF6,0xFF,0xA3,0x00,0x00,0x00,0x00,0x00,0x8A,0xFF,0xFF,0x84,0x4E,0xFF,0xFF,
  0x30,0x00,0x00,0x00,0x00,0x00,0x22,0xFF,0xFF,0x84,0x79,0xFF,0xF4,0x01,0x00,0x00,0x00,0x00,0x00,0x00,
  0xEB,0xFF,0x84,0x89,0xFF,0xDB,0x00,0x00,0x00,0x00,0x00,0x00,0x00,0xD5,0xFF,0x84,0x88,0xFF,0xD8,0x00,
  0x00,0x00,0x00,0x00,0x00,0x00,0xCF,0xFF,0x84,0x76,0xFF,0xEB,0x00,0x00,0x00,0x00,0x00,0x00,0x00,0xEA,
  0xFF,0x84,0x4A,0xFF,0xFF,0x1F,0x00,0x00,0x00,0x00,0x00,0x17,0xFF,0xFF,0x84,0x0C,0xF3,0xFF,0x8A,0x00,
  0x00,0x00,0x00,0x00,0x86,0xFF,0xFF,0x84,0x00,0x85,0xFF,0xFD,0x75,0x0A,0x00,0x06,0x66,0xFA,0xFB,0xFF,
  0x84,0x00,0x06,0xB3,0xFF,0xFF,0xF9,0xE5,0xF7,0xFF,0xB5,0x99,0xFF,0x84,0x00,0x00,0x02,0x63,0xC5,0xF2,
  0xF5,0xD4,0x74,0x03,0x77,0xFF,0x84,0x00,0x00,0x00,0x14,0x77,0xCB,0xEC,0xF8,0xDD,0x99,0x26,0x00,0x00,
  0x00,0x00,0x00,0x3B,0xE6,0xFF,0xFF,0xF6,0xED,0xFF,0xFF,0xF6,0x52,0x00,0x00,0x00,0x1F,0xF0,0xFF,0xB2,
  0x2C,0x01,0x00,0x1A,0xA4,0xFF,0xF6,0x26,0x00,0x00,0xAE,0xFF,0xB4,0x02,0x00,0x00,0x00,0x00,0x02,0xC5,
  0xFF,0x9C,0x00,0x13,0xFA,0xFF,0x34,0x00,0x00,0x00,0x00,0x00,0x00,0x6E,0xFF,0xE2,0x00,0x48,0xFF,0xFF,
  0xE0,0xE0,0xE0,0xE0,0xE0,0xE0,0xE0,0xE9,0xFF,0xFE,0x03,0x62,0xFF,0xFF,0xFF,0xFF,0xFF,0xFF,0xFF,0xFF,
  0xFF,0xFF,0xFF,0xFF,0x0B,0x67,0xFF,0xF9,0x01,0x00,0x00,0x00,0x00,0x00,0x00,0x00,0x00,0x00,0x00,0x51,
  0xFF,0xFF,0x1B,0x00,0x00,0x00,0x00,0x00,0x00,0x00,0x00,0x00,0x00,0x18,0xFF,0xFF,0x68,0x00,0x00,0x00,
  0x00,0x00,0x00,0x00,0x00,0x00,0x00,0x00,0xB7,0xFF,0xE2,0x14,0x00,0x00,0x00,0x00,0x00,0x00,0x00,0x02,
  0x00,0x00,0x29,0xF1,0xFF,0xDC,0x52,0x0A,0x00,0x00,0x0F,0x55,0xBA,0x6A,0x00,0x00,0x00,0x39,0xE3,0xFF,
  0xFF,0xFC,0xE9,0xEA,0xFE,0xFF,0xFF,0x6C,0x00,0x00,0x00,0x00,0x0B,0x6D,0xBB,0xE9,0xFA,0xEE,0xD5,0xA9,
  0x5E,0x0B,0x00,0x00,0x00,0x00,0x00,0x00,0x00,0x1E,0x8F,0xD2,0xF2,0xFC,0xF1,0xCC,0x71,0x00,0x00,0x00,
  0x00,0x00,0x20,0xEA,0xFF,0xFF,0xF7,0xE5,0xF3,0xFF,0x82,0x00,0x00,0x00,0x00,0x00,0x8D,0xFF,0xF8,0x53,
  0x02,0x00,0x00,0x0F,0x0E,0x00,0x00,0x00,0x00,0x00,0xB4,0xFF,0xB3,0x00,0x00,0x00,0x00,0x00,0x00,0x00,
  0x00,0x00,0x00,0x00,0xBC,0xFF,0x9C,0x00,0x00,0x00,0x00,0x00,0x00,0x2F,0xB6,0xCA,0xDD,0xF0,0xFF,0xFF,
  0xFF,0xFF,0xFF,0xFF,0xFF,0xDC,0x00,0x3F,0xE0,0xE0,0xE0,0xE0,0xF7,0xFF,0xF3,0xE0,0xE0,0xE0,0xE0,0xC0,
  0x00,0x00,0x00,0x00,0x00,0x00,0xBC,0xFF,0x9C,0x00,0x00,0x00,0x00,0x00,0x00,0x00,0x00,0x00,0x00,0x00,
  0xBC,0xFF,0x9C,0x00,0x00,0x00,0x00,0x00,0x00,0x00,0x00,0x00,0x00,0x00,0xBC,0xFF,0x9C,0x00,0x00,0x00,
  0x00,0x00,0x00,0x00,0x00,0x00,0x00,0x00,0xBC,0xFF,0x9C,0x00,0x00,0x00,0x00,0x00,0x00,0x00,0x00,0x00,
  0x00,0x00,0xBC,0xFF,0x9C,0x00,0x00,0x00,0x00,0x00,0x00,0x00,0x00,0x00,0x00,0x00,0xBC,0xFF,0x9C,0x00,
  0x00,0x00,0x00,0x00,0x00,0x00,0x00,0x00,0x00,0x00,0xBC,0xFF,0x9C,0x00,0x00,0x00,0x00,0x00,0x00,0x00,
  0x00,0x00,0x00,0x00,0xBC,0xFF,0x9C,0x00,0x00,0x00,0x00,0x00,0x00,0x00,0x00,0x00,0x00,0x00,0xBC,0xFF,
  0x9C,0x00,0x00,0x00,0x00,0x00,0x00,0x00,0x00,0x00,0x00,0x00,0xBC,0xFF,0x9C,0x00,0x00,0x00,0x00,0x00,
  0x00,0x00,0x00,0x00,0x00,0x00,0xBC,0xFF,0x9C,0x00,0x00,0x00,0x00,0x00,0x00,0x00,0x00,0x00,0x00,0x00,
  0xBC,0xFF,0x9C,0x00,0x00,0x00,0x00,0x00,0x00,0x00,0x00,0x00,0x5C,0xC2,0xF0,0xF6,0xD5,0x7A,0x05,0x6F,
  0xFF,0x84,0x00,0x02,0xA3,0xFF,0xFF,0xFB,0xE6,0xF7,0xFF,0xB9,0x99,0xFF,0x84,0x00,0x6F,0xFF,0xFF,0x7D,
  0x0D,0x00,0x05,0x5D,0xF4,0xFE,0xFF,0x84,0x05,0xEA,0xFF,0x97,0x00,0x00,0x00,0x00,0x00,0x59,0xFF,0xFF,
  0x84,0x42,0xFF,0xFF,0x29,0x00,0x00,0x00,0x00,0x00,0x02,0xE8,0xFF,0x84,0x72,0xFF,0xF0,0x00,0x00,0x00,
  0x00,0x00,0x00,0x00,0xB5,0xFF,0x84,0x87,0xFF,0xDA,0x00,0x00,0x00,0x00,0x00,0x00,0x00,0x9F,0xFF,0x84,
  0x89,0xFF,0xD9,0x00,0x00,0x00,0x00,0x00,0x00,0x00,0x99,0xFF,0x84,0x77,0xFF,0xF1,0x00,0x00,0x00,0x00,
  0x00,0x00,0x00,0xA7,0xFF,0x84,0x48,0xFF,0xFF,0x29,0x00,0x00,0x00,0x00,0x00,0x00,0xD4,0xFF,0x84,0x09,
  0xEF,0xFF,0x98,0x00,0x00,0x00,0x00,0x00,0x3B,0xFF,0xFF,0x84,0x00,0x7A,0xFF,0xFF,0x83,0x0F,0x00,0x02,
  0x49,0xE6,0xFF,0xFF,0x84,0x00,0x04,0xAA,0xFF,0xFF,0xFC,0xE6,0xF3,0xFF,0xE3,0xBD,0xFF,0x84,0x00,0x00,
  0x01,0x5D,0xC0,0xF0,0xFA,0xE2,0x9B,0x1B,0xA8,0xFF,0x84,0x00,0x00,0x00,0x00,0x00,0x00,0x00,0x00,0x00,
  0x00,0xB6,0xFF,0x7C,0x00,0x00,0x00,0x00,0x00,0x00,0x00,0x00,0x00,0x00,0xDD,0xFF,0x64,0x00,0x00,0x00,
  0x00,0x00,0x00,0x00,0x00,0x00,0x4B,0xFF,0xFF,0x28,0x00,0xB5,0x77,0x2F,0x05,0x00,0x00,0x08,0x53,0xE8,
  0xFF,0xB8,0x00,0x00,0xD8,0xFF,0xFF,0xFB,0xE8,0xE6,0xFA,0xFF,0xFF,0xD5,0x19,0x00,0x00,0x22,0x70,0xB8,
  0xE3,0xF8,0xFA,0xEA,0xBD,0x6C,0x0A,0x00,0x00,0xEC,0xFF,0x6C,0x00,0x00,0x00,0x00,0x00,0x00,0x00,0x00,
  0x00,0xEC,0xFF,0x6C,0x00,0x00,0x00,0x00,0x00,0x00,0x00,0x00,0x00,0xEC,0xFF,0x6C,0x00,0x00,0x00,0x00,
  0x00,0x00,0x00,0x00,0x00,0xEC,0xFF,0x6C,0x00,0x00,0x00,0x00,0x00,0x00,0x00,0x00,0x00,0xEC,0xFF,0x6C,
  0x00,0x00,0x00,0x00,0x00,0x00,0x00,0x00,0x00,0xEC,0xFF,0x68,0x08,0x7C,0xD3,0xF6,0xF1,0xC1,0x56,0x00,
  0x00,0xEC,0xFF,0x67,0xCB,0xFF,0xF4,0xED,0xFF,0xFF,0xFF,0x8D,0x00,0xEC,0xFF,0xDE,0xEE,0x52,0x03,0x00,
  0x25,0xC6,0xFF,0xFF,0x30,0xEC,0xFF,0xFF,0x43,0x00,0x00,0x00,0x00,0x1F,0xF9,0xFF,0x7E,0xEC,0xFF,0xC8,
  0x00,0x00,0x00,0x00,0x00,0x00,0xD0,0xFF,0x9E,0xEC,0xFF,0x89,0x00,0x00,0x00,0x00,0x00,0x00,0xB3,0xFF,
  0xA7,0xEC,0xFF,0x71,0x00,0x00,0x00,0x00,0x00,0x00,0xB0,0xFF,0xA8,0xEC,0xFF,0x6C,0x00,0x00,0x00,0x00,
  0x00,0x00,0xB0,0xFF,0xA8,0xEC,0xFF,0x6C,0x00,0x00,0x00,0x00,0x00,0x00,0xB0,0xFF,0xA8,0xEC,0xFF,0x6C,
  0x00,0x00,0x00,0x00,0x00,0x00,0xB0,0xFF,0xA8,0xEC,0xFF,0x6C,0x00,0x00,0x00,0x00,0x00,0x00,0xB0,0xFF,
  0xA8,0xEC,0xFF,0x6C,0x00,0x00,0x00,0x00,0x00,0x00,0xB0,0xFF,0xA8,0xEC,0xFF,0x6C,0x00,0x00,0x00,0x00,
  0x00,0x00,0xB0,0xFF,0xA8,0xEC,0xFF,0x6C,0x00,0x00,0x00,0x00,0x00,0x00,0xB0,0xFF,0xA8,0x00,0x00,0x00,
  0x00,0x42,0xE7,0xE4,0x3C,0x00,0x00,0x00,0x00,0x00,0x00,0x00,0x00,0x00,0x9C,0xFF,0xFF,0x94,0x00,0x00,
  0x00,0x00,0x00,0x00,0x00,0x00,0x00,0x42,0xE7,0xE5,0x3C,0x00,0x00,0x00,0x00,0x00,0x00,0x00,0x00,0x00,
  0x00,0x00,0x00,0x00,0x00,0x00,0x00,0x00,0x00,0x00,0x00,0x00,0x00,0x00,0x00,0x00,0x00,0x00,0x00,0x00,
  0x00,0x00,0x80,0xFF,0xFF,0xFF,0xFF,0xFF,0xFF,0x64,0x00,0x00,0x00,0x00,0x00,0x56,0xBB,0xCD,0xE0,0xF2,
  0xFF,0xFF,0x64,0x00,0x00,0x00,0x00,0x00,0x00,0x00,0x00,0x00,0x00,0xF4,0xFF,0x64,0x00,0x00,0x00,0x00,
  0x00,0x00,0x00,0x00,0x00,0x00,0xF4,0xFF,0x64,0x00,0x00,0x00,0x00,0x00,0x00,0x00,0x00,0x00,0x00,0xF4,
  0xFF,0x64,0x00,0x00,0x00,0x00,0x00,0x00,0x00,0x00,0x00,0x00,0xF4,0xFF,0x64,0x00,0x00,0x00,0x00,0x00,
  0x00,0x00,0x00,0x00,0x00,0xF4,0xFF,0x64,0x00,0x00,0x00,0x00,0x00,0x00,0x00,0x00,0x00,0x00,0xF4,0xFF,
  0x64,0x00,0x00,0x00,0x00,0x00,0x00,0x00,0x00,0x00,0x00,0xF4,0xFF,0x64,0x00,0x00,0x00,0x00,0x00,0x00,
  0x00,0x00,0x00,0x00,0xF4,0xFF,0x64,0x00,0x00,0x00,0x00,0x00,0x00,0x00,0x00,0x00,0x00,0xF4,0xFF,0x64,
  0x00,0x00,0x00,0x00,0x00,0x00,0x00,0x00,0x00,0x00,0xF4,0xFF,0x64,0x00,0x00,0x00,0x00,0x00,0x90,0xB0,
  0xC4,0xD8,0xEC,0xFF,0xFF,0xF6,0xDF,0xCA,0xB4,0x9F,0x06,0xEC,0xFF,0xFF,0xFF,0xFF,0xFF,0xFF,0xFF,0xFF,
  0xFF,0xFF,0xFF,0x0C,0x00,0x00,0x00,0x00,0x00,0x00,0x52,0xED,0xDC,0x2D,0x00,0x00,0x00,0x00,0x00,0x00,
  0xAC,0xFF,0xFF,0x7B,0x00,0x00,0x00,0x00,0x00,0x00,0x4F,0xEC,0xDD,0x2C,0x00,0x00,0x00,0x00,0x00,0x00,
  0x00,0x00,0x00,0x00,0x00,0x00,0x00,0x00,0x00,0x00,0x00,0x00,0x00,0x00,0x00,0x00,0x90,0xFF,0xFF,0xFF,
  0xFF,0xFF,0xFF,0x54,0x00,0x00,0x5D,0xB4,0xC6,0xD9,0xEB,0xFF,0xFF,0x54,0x00,0x00,0x00,0x00,0x00,0x00,
  0x04,0xFF,0xFF,0x54,0x00,0x00,0x00,0x00,0x00,0x00,0x04,0xFF,0xFF,0x54,0x00,0x00,0x00,0x00,0x00,0x00,
  0x04,0xFF,0xFF,0x54,0x00,0x00,0x00,0x00,0x00,0x00,0x04,0xFF,0xFF,0x54,0x00,0x00,0x00,0x00,0x00,0x00,
  0x04,0xFF,0xFF,0x54,0x00,0x00,0x00,0x00,0x00,0x00,0x04,0xFF,0xFF,0x54,0x00,0x00,0x00,0x00,0x00,0x00,
  0x04,0xFF,0xFF,0x54,0x00,0x00,0x00,0x00,0x00,0x00,0x04,0xFF,0xFF,0x54,0x00,0x00,0x00,0x00,0x00,0x00,
  0x04,0xFF,0xFF,0x54,0x00,0x00,0x00,0x00,0x00,0x00,0x04,0xFF,0xFF,0x54,0x00,0x00,0x00,0x00,0x00,0x00,
  0x04,0xFF,0xFF,0x54,0x00,0x00,0x00,0x00,0x00,0x00,0x04,0xFF,0xFF,0x54,0x00,0x00,0x00,0x00,0x00,0x00,
  0x05,0xFF,0xFF,0x54,0x00,0x00,0x00,0x00,0x00,0x00,0x1E,0xFF,0xFF,0x4A,0x00,0x00,0x00,0x00,0x00,0x00,
  0x5E,0xFF,0xFF,0x26,0x25,0x28,0x00,0x00,0x02,0x45,0xE6,0xFF,0xCD,0x00,0x70,0xFF,0xFA,0xE7,0xF8,0xFF,
  0xFF,0xED,0x2D,0x00,0x46,0xC4,0xE5,0xF7,0xF8,0xD9,0x90,0x1B,0x00,0x00,0x44,0xFF,0xFF,0x10,0x00,0x00,
  0x00,0x00,0x00,0x00,0x00,0x00,0x00,0x44,0xFF,0xFF,0x10,0x00,0x00,0x00,0x00,0x00,0x00,0x00,0x00,0x00,
  0x44,0xFF,0xFF,0x10,0x00,0x00,0x00,0x00,0x00,0x00,0x00,0x00,0x00,0x44,0xFF,0xFF,0x10,0x00,0x00,0x00,
  0x00,0x00,0x00,0x00,0x00,0x00,0x44,0xFF,0xFF,0x10,0x00,0x00,0x00,0x00,0x00,0x00,0x00,0x00,0x00,0x44,
  0xFF,0xFF,0x10,0x00,0x00,0x00,0x00,0x09,0xC5,0xFF,0xE2,0x1C,0x44,0xFF,0xFF,0x10,0x00,0x00,0x00,0x02,
  0xAF,0xFF,0xEC,0x28,0x00,0x44,0xFF,0xFF,0x10,0x00,0x00,0x00,0x96,0xFF,0xF4,0x36,0x00,0x00,0x44,0xFF,
  0xFF,0x0F,0x00,0x00,0x7C,0xFF,0xFA,0x46,0x00,0x00,0x00,0x44,0xFF,0xFF,0x0C,0x00,0x60,0xFF,0xFE,0x58,
  0x00,0x00,0x00,0x00,0x44,0xFF,0xFF,0x03,0x47,0xFB,0xFF,0x6C,0x00,0x00,0x00,0x00,0x00,0x44,0xFF,0xF4,
  0x2B,0xF1,0xFF,0xFE,0x43,0x00,0x00,0x00,0x00,0x00,0x44,0xFF,0xF0,0xDB,0xF9,0xBE,0xFF,0xE7,0x17,0x00,
  0x00,0x00,0x00,0x44,0xFF,0xFF,0xF6,0x49,0x09,0xD5,0xFF,0xBA,0x01,0x00,0x00,0x00,0x44,0xFF,0xFF,0x46,
  0x00,0x00,0x2E,0xF8,0xFF,0x7A,0x00,0x00,0x00,0x44,0xFF,0xFF,0x10,0x00,0x00,0x00,0x6D,0xFF,0xFC,0x3C,
  0x00,0x00,0x44,0xFF,0xFF,0x10,0x00,0x00,0x00,0x00,0xB2,0xFF,0xE2,0x12,0x00,0x44,0xFF,0xFF,0x10,0x00,
  0x00,0x00,0x00,0x14,0xE5,0xFF,0xB2,0x00,0x44,0xFF,0xFF,0x10,0x00,0x00,0x00,0x00,0x00,0x43,0xFD,0xFF,
  0x71,0xC4,0xFF,0xFF,0xFF,0xFF,0xFF,0xFF,0x84,0x00,0x00,0x00,0x00,0x00,0xAB,0xE0,0xE0,0xE0,0xE0,0xFA,
  0xFF,0x84,0x00,0x00,0x00,0x00,0x00,0x00,0x00,0x00,0x00,0x00,0xD4,0xFF,0x84,0x00,0x00,0x00,0x00,0x00,
  0x00,0x00,0x00,0x00,0x00,0xD4,0xFF,0x84,0x00,0x00,0x00,0x00,0x00,0x00,0x00,0x00,0x00,0x00,0xD4,0xFF,
  0x84,0x00,0x00,0x00,0x00,0x00,0x00,0x00,0x00,0x00,0x00,0xD4,0xFF,0x84,0x00,0x00,0x00,0x00,0x00,0x00,
  0x00,0x00,0x00,0x00,0xD4,0xFF,0x84,0x00,0x00,0x00,0x00,0x00,0x00,0x00,0x00,0x00,0x00,0xD4,0xFF,0x84,
  0x00,0x00,0x00,0x00,0x00,0x00,0x00,0x00,0x00,0x00,0xD4,0xFF,0x84,0x00,0x00,0x00,0x00,0x00,0x00,0x00,
  0x00,0x00,0x00,0xD4,0xFF,0x84,0x00,0x00,0x00,0x00,0x00,0x00,0x00,0x00,0x00,0x00,0xD4,0xFF,0x84,0x00,
  0x00,0x00,0x00,0x00,0x00,0x00,0x00,0x00,0x00,0xD4,0xFF,0x84,0x00,0x00,0x00,0x00,0x00,0x00,0x00,0x00,
  0x00,0x00,0xD4,0xFF,0x84,0x00,0x00,0x00,0x00,0x00,0x00,0x00,0x00,0x00,0x00,0xD4,0xFF,0x84,0x00,0x00,
  0x00,0x00,0x00,0x00,0x00,0x00,0x00,0x00,0xD4,0xFF,0x84,0x00,0x00,0x00,0x00,0x00,0x00,0x00,0x00,0x00,
  0x00,0xD4,0xFF,0x84,0x00,0x00,0x00,0x00,0x00,0x00,0x00,0x00,0x00,0x00,0xD4,0xFF,0x84,0x00,0x00,0x00,
  0x00,0x00,0x76,0x92,0xA5,0xB8,0xCA,0xF8,0xFF,0xE9,0xC2,0xAD,0x98,0x83,0x05,0xEC,0xFF,0xFF,0xFF,0xFF,
  0xFF,0xFF,0xFF,0xFF,0xFF,0xFF,0xFF,0x0C,0xB4,0xFA,0x0E,0x96,0xF1,0xED,0x87,0x00,0x54,0xD9,0xF8,0xCB,
  0x2A,0x00,0xB4,0xFF,0xBE,0xFB,0xF3,0xFF,0xFF,0x89,0xFD,0xF1,0xFD,0xFF,0xCA,0x00,0xB4,0xFF,0xFC,0x32,
  0x03,0xB6,0xFF,0xFF,0xBC,0x07,0x2F,0xFE,0xFF,0x19,0xB4,0xFF,0xBF,0x00,0x00,0x5E,0xFF,0xFF,0x42,0x00,
  0x00,0xDE,0xFF,0x3F,0xB4,0xFF,0x8D,0x00,0x00,0x43,0xFF,0xFE,0x0A,0x00,0x00,0xC9,0xFF,0x4E,0xB4,0xFF,
  0x72,0x00,0x00,0x38,0xFF,0xEA,0x00,0x00,0x00,0xC0,0xFF,0x53,0xB4,0xFF,0x66,0x00,0x00,0x38,0xFF,0xDF,
  0x00,0x00,0x00,0xC0,0xFF,0x54,0xB4,0xFF,0x60,0x00,0x00,0x38,0xFF,0xDC,0x00,0x00,0x00,0xC0,0xFF,0x54,
  0xB4,0xFF,0x60,0x00,0x00,0x38,0xFF,0xDC,0x00,0x00,0x00,0xC0,0xFF,0x54,0xB4,0xFF,0x60,0x00,0x00,0x38,
  0xFF,0xDC,0x00,0x00,0x00,0xC0,0xFF,0x54,0xB4,0xFF,0x60,0x00,0x00,0x38,0xFF,0xDC,0x00,0x00,0x00,0xC0,
  0xFF,0x54,0xB4,0xFF,0x60,0x00,0x00,0x38,0xFF,0xDC,0x00,0x00,0x00,0xC0,0xFF,0x54,0xB4,0xFF,0x60,0x00,
  0x00,0x38,0xFF,0xDC,0x00,0x00,0x00,0xC0,0xFF,0x54,0xB4,0xFF,0x60,0x00,0x00,0x38,0xFF,0xDC,0x00,0x00,
  0x00,0xC0,0xFF,0x54,0xEC,0xFD,0x08,0x10,0x86,0xD4,0xF4,0xF5,0xCB,0x66,0x01,0x00,0xEC,0xFF,0x45,0xE2,
  0xFF,0xF3,0xEA,0xFF,0xFF,0xFF,0xA0,0x00,0xEC,0xFF,0xEE,0xDA,0x3D,0x01,0x00,0x15,0xAC,0xFF,0xFF,0x3C,
  0xEC,0xFF,0xFC,0x28,0x00,0x00,0x00,0x00,0x0E,0xF1,0xFF,0x86,0xEC,0xFF,0xBC,0x00,0x00,0x00,0x00,0x00,
  0x00,0xC7,0xFF,0xA1,0xEC,0xFF,0x86,0x00,0x00,0x00,0x00,0x00,0x00,0xB0,0xFF,0xA8,0xEC,0xFF,0x70,0x00,
  0x00,0x00,0x00,0x00,0x00,0xB0,0xFF,0xA8,0xEC,0xFF,0x6C,0x00,0x00,0x00,0x00,0x00,0x00,0xB0,0xFF,0xA8,
  0xEC,0xFF,0x6C,0x00,0x00,0x00,0x00,0x00,0x00,0xB0,0xFF,0xA8,0xEC,0xFF,0x6C,0x00,0x00,0x00,0x00,0x00,
  0x00,0xB0,0xFF,0xA8,0xEC,0xFF,0x6C,0x00,0x00,0x00,0x00,0x00,0x00,0xB0,0xFF,0xA8,0xEC,0xFF,0x6C,0x00,
  0x00,0x00,0x00,0x00,0x00,0xB0,0xFF,0xA8,0xEC,0xFF,0x6C,0x00,0x00,0x00,0x00,0x00,0x00,0xB0,0xFF,0xA8,
  0xEC,0xFF,0x6C,0x00,0x00,0x00,0x00,0x00,0x00,0xB0,0xFF,0xA8,0x00,0x00,0x00,0x34,0x9D,0xDC,0xF6,0xEA,
  0xC4,0x6C,0x0A,0x00,0x00,0x00,0x00,0x00,0x79,0xFD,0xFF,0xFD,0xE8,0xF2,0xFF,0xFF,0xD5,0x27,0x00,0x00,
  0x00,0x56,0xFF,0xFF,0x8C,0x13,0x00,0x00,0x3C,0xD7,0xFF,0xD8,0x0B,0x00,0x01,0xE3,0xFF,0x9A,0x00,0x00,
  0x00,0x00,0x00,0x1C,0xF2,0xFF,0x78,0x00,0x3E,0xFF,0xFF,0x21,0x00,0x00,0x00,0x00,0x00,0x00,0x94,0xFF,
  0xD4,0x00,0x6D,0xFF,0xE0,0x00,0x00,0x00,0x00,0x00,0x00,0x00,0x55,0xFF,0xFF,0x06,0x85,0xFF,0xC6,0x00,
  0x00,0x00,0x00,0x00,0x00,0x00,0x3A,0xFF,0xFF,0x1E,0x82,0xFF,0xCF,0x00,0x00,0x00,0x00,0x00,0x00,0x00,
  0x44,0xFF,0xFF,0x1F,0x69,0xFF,0xEE,0x00,0x00,0x00,0x00,0x00,0x00,0x00,0x62,0xFF,0xFF,0x07,0x36,0xFF,
  0xFF,0x2F,0x00,0x00,0x00,0x00,0x00,0x00,0xA2,0xFF,0xD6,0x00,0x00,0xDA,0xFF,0xA8,0x00,0x00,0x00,0x00,
  0x00,0x1F,0xFA,0xFF,0x7A,0x00,0x00,0x48,0xFE,0xFF,0x91,0x15,0x00,0x00,0x3A,0xD6,0xFF,0xDB,0x0C,0x00,
  0x00,0x00,0x6A,0xFA,0xFF,0xFD,0xE7,0xF1,0xFF,0xFF,0xDA,0x2A,0x00,0x00,0x00,0x00,0x00,0x2C,0x96,0xDA,
  0xF6,0xED,0xC9,0x73,0x0D,0x00,0x00,0x00,0xEC,0xFF,0x11,0x1F,0x9D,0xE3,0xF9,0xE7,0xA8,0x30,0x00,0x00,
  0x00,0xEC,0xFF,0x58,0xEC,0xFF,0xEC,0xEA,0xFF,0xFF,0xFB,0x5B,0x00,0x00,0xEC,0xFF,0xF7,0xC6,0x29,0x00,
  0x00,0x1F,0xB2,0xFF,0xF8,0x28,0x00,0xEC,0xFF,0xF1,0x14,0x00,0x00,0x00,0x00,0x06,0xDD,0xFF,0x9B,0x00,
  0xEC,0xFF,0xA1,0x00,0x00,0x00,0x00,0x00,0x00,0x80,0xFF,0xE6,0x00,0xEC,0xFF,0x73,0x00,0x00,0x00,0x00,
  0x00,0x00,0x50,0xFF,0xFF,0x12,0xEC,0xFF,0x65,0x00,0x00,0x00,0x00,0x00,0x00,0x3D,0xFF,0xFF,0x24,0xEC,
  0xFF,0x70,0x00,0x00,0x00,0x00,0x00,0x00,0x3F,0xFF,0xFF,0x23,0xEC,0xFF,0x88,0x00,0x00,0x00,0x00,0x00,
  0x00,0x55,0xFF,0xFF,0x11,0xEC,0xFF,0xBC,0x00,0x00,0x00,0x00,0x00,0x00,0x88,0xFF,0xE4,0x00,0xEC,0xFF,
  0xFD,0x20,0x00,0x00,0x00,0x00,0x0A,0xE4,0xFF,0x97,0x00,0xEC,0xFF,0xFE,0xCC,0x2C,0x00,0x00,0x21,0xB9,
  0xFF,0xF7,0x26,0x00,0xEC,0xFF,0x74,0xEB,0xFF,0xEC,0xE9,0xFF,0xFF,0xFB,0x59,0x00,0x00,0xEC,0xFF,0x59,
  0x1B,0x97,0xE2,0xF9,0xE8,0xA9,0x30,0x00,0x00,0x00,0xEC,0xFF,0x63,0x00,0x00,0x00,0x00,0x00,0x00,0x00,
  0x00,0x00,0x00,0xEC,0xFF,0x64,0x00,0x00,0x00,0x00,0x00,0x00,0x00,0x00,0x00,0x00,0xEC,0xFF,0x64,0x00,
  0x00,0x00,0x00,0x00,0x00,0x00,0x00,0x00,0x00,0xEC,0xFF,0x64,0x00,0x00,0x00,0x00,0x00,0x00,0x00,0x00,
  0x00,0x00,0xEC,0xFF,0x64,0x00,0x00,0x00,0x00,0x00,0x00,0x00,0x00,0x00,0x00,0xEC,0xFF,0x64,0x00,0x00,
  0x00,0x00,0x00,0x00,0x00,0x00,0x00,0x00,0x00,0x00,0x00,0x54,0xBD,0xEA,0xF4,0xCF,0x67,0x01,0x70,0xFF,
  0x84,0x00,0x01,0x9B,0xFF,0xFF,0xF9,0xE6,0xF8,0xFF,0xA0,0x96,0xFF,0x84,0x00,0x69,0xFF,0xFD,0x73,0x09,
  0x00,0x07,0x65,0xFA,0xF6,0xFF,0x84,0x03,0xEB,0xFF,0x8E,0x00,0x00,0x00,0x00,0x00,0x81,0xFF,0xFF,0x84,
  0x40,0xFF,0xFF,0x26,0x00,0x00,0x00,0x00,0x00,0x1D,0xFF,0xFF,0x84,0x6F,0xFF,0xF0,0x00,0x00,0x00,0x00,
  0x00,0x00,0x00,0xE8,0xFF,0x84,0x85,0xFF,0xDA,0x00,0x00,0x00,0x00,0x00,0x00,0x00,0xD3,0xFF,0x84,0x88,
  0xFF,0xE0,0x00,0x00,0x00,0x00,0x00,0x00,0x00,0xCD,0xFF,0x84,0x76,0xFF,0xFA,0x01,0x00,0x00,0x00,0x00,
  0x00,0x00,0xDC,0xFF,0x84,0x49,0xFF,0xFF,0x35,0x00,0x00,0x00,0x00,0x00,0x0D,0xFC,0xFF,0x84,0x0A,0xF0,
  0xFF,0xA2,0x00,0x00,0x00,0x00,0x00,0x6E,0xFF,0xFF,0x84,0x00,0x7C,0xFF,0xFF,0x7C,0x0B,0x00,0x06,0x60,
  0xF7,0xFC,0xFF,0x84,0x00,0x04,0xAA,0xFF,0xFF,0xFA,0xE5,0xF7,0xFF,0xAC,0xC1,0xFF,0x84,0x00,0x00,0x01,
  0x5D,0xC2,0xF2,0xF5,0xD1,0x6E,0x02,0xC8,0xFF,0x84,0x00,0x00,0x00,0x00,0x00,0x00,0x00,0x00,0x00,0x00,
  0xCC,0xFF,0x84,0x00,0x00,0x00,0x00,0x00,0x00,0x00,0x00,0x00,0x00,0xCC,0xFF,0x84,0x00,0x00,0x00,0x00,
  0x00,0x00,0x00,0x00,0x00,0x00,0xCC,0xFF,0x84,0x00,0x00,0x00,0x00,0x00,0x00,0x00,0x00,0x00,0x00,0xCC,
  0xFF,0x84,0x00,0x00,0x00,0x00,0x00,0x00,0x00,0x00,0x00,0x00,0xCC,0xFF,0x84,0x00,0x00,0x00,0x00,0x00,
  0x00,0x00,0x00,0x00,0x00,0xCC,0xFF,0x84,0x00,0xF8,0xFF,0xFF,0xFF,0xFF,0xC5,0x00,0x23,0xAE,0xEC,0xF8,
  0xE6,0x96,0x00,0xB6,0xDE,0xFB,0xFF,0xFF,0xE2,0x1B,0xE5,0xFF,0xF5,0xF3,0xFF,0x8D,0x00,0x00,0x00,0x03,
  0x41,0xFF,0xFC,0xB6,0xF0,0x54,0x01,0x01,0x3B,0x2E,0x00,0x00,0x00,0x00,0x28,0xFF,0xFF,0xFF,0x44,0x00,
  0x00,0x00,0x00,0x00,0x00,0x00,0x00,0x00,0x28,0xFF,0xFF,0xB7,0x00,0x00,0x00,0x00,0x00,0x00,0x00,0x00,
  0x00,0x00,0x28,0xFF,0xFF,0x67,0x00,0x00,0x00,0x00,0x00,0x00,0x00,0x00,0x00,0x00,0x28,0xFF,0xFF,0x43,
  0x00,0x00,0x00,0x00,0x00,0x00,0x00,0x00,0x00,0x00,0x28,0xFF,0xFF,0x38,0x00,0x00,0x00,0x00,0x00,0x00,
  0x00,0x00,0x00,0x00,0x28,0xFF,0xFF,0x38,0x00,0x00,0x00,0x00,0x00,0x00,0x00,0x00,0x00,0x00,0x28,0xFF,
  0xFF,0x38,0x00,0x00,0x00,0x00,0x00,0x00,0x00,0x00,0x00,0x00,0x28,0xFF,0xFF,0x38,0x00,0x00,0x00,0x00,
  0x00,0x00,0x00,0x00,0x00,0x00,0x28,0xFF,0xFF,0x38,0x00,0x00,0x00,0x00,0x00,0x00,0x38,0xA0,0xB8,0xD0,
  0xEA,0xFF,0xFF,0xEB,0xCF,0xB7,0x9E,0x25,0x00,0x00,0x64,0xFF,0xFF,0xFF,0xFF,0xFF,0xFF,0xFF,0xFF,0xFF,
  0xFF,0x44,0x00,0x00,0x00,0x00,0x29,0x97,0xD7,0xF5,0xF9,0xE3,0xC6,0x87,0x28,0x00,0x49,0xF8,0xFF,0xFF,
  0xEF,0xE7,0xFD,0xFF,0xFF,0x6B,0x00,0xD7,0xFF,0xB4,0x1C,0x00,0x00,0x04,0x30,0x8A,0x12,0x02,0xFE,0xFF,
  0x45,0x00,0x00,0x00,0x00,0x00,0x00,0x00,0x00,0xE1,0xFF,0xA2,0x04,0x00,0x00,0x00,0x00,0x00,0x00,0x00,
  0x5D,0xFE,0xFF,0xD9,0x65,0x09,0x00,0x00,0x00,0x00,0x00,0x00,0x45,0xD3,0xFF,0xFF,0xEE,0x8C,0x1E,0x00,
  0x00,0x00,0x00,0x00,0x01,0x4B,0xBC,0xFF,0xFF,0xFA,0x86,0x02,0x00,0x00,0x00,0x00,0x00,0x00,0x2D,0xAB,
  0xFF,0xFF,0x7A,0x00,0x00,0x00,0x00,0x00,0x00,0x00,0x00,0xAB,0xFF,0xCE,0x00,0x00,0x00,0x00,0x00,0x00,
  0x00,0x00,0x8D,0xFF,0xD4,0x3D,0xAA,0x4B,0x0E,0x00,0x00,0x01,0x47,0xEF,0xFF,0x98,0x44,0xFF,0xFF,0xFE,
  0xEC,0xE4,0xF8,0xFF,0xFF,0xDD,0x18,0x0D,0x6E,0xB5,0xD9,0xEF,0xFC,0xED,0xC6,0x79,0x0E,0x00,0x00,0x00,
  0x00,0x00,0x28,0x80,0x4C,0x00,0x00,0x00,0x00,0x00,0x00,0x00,0x00,0x00,0x00,0x6B,0xFF,0x98,0x00,0x00,
  0x00,0x00,0x00,0x00,0x00,0x00,0x00,0x00,0x8E,0xFF,0x98,0x00,0x00,0x00,0x00,0x00,0x00,0x00,0x00,0x00,
  0x00,0xB2,0xFF,0x98,0x00,0x00,0x00,0x00,0x00,0x00,0x5F,0xC3,0xDD,0xF7,0xFF,0xFF,0xFF,0xFF,0xFF,0xFF,
  0xFF,0xFF,0x08,0x7A,0xE0,0xE0,0xE0,0xF8,0xFF,0xF3,0xE0,0xE0,0xE0,0xE0,0xE0,0x07,0x00,0x00,0x00,0x00,
  0xC0,0xFF,0x98,0x00,0x00,0x00,0x00,0x00,0x00,0x00,0x00,0x00,0x00,0xC0,0xFF,0x98,0x00,0x00,0x00,0x00,
  0x00,0x00,0x00,0x00,0x00,0x00,0xC0,0xFF,0x98,0x00,0x00,0x00,0x00,0x00,0x00,0x00,0x00,0x00,0x00,0xC0,
  0xFF,0x98,0x00,0x00,0x00,0x00,0x00,0x00,0x00,0x00,0x00,0x00,0xC0,0xFF,0x98,0x00,0x00,0x00,0x00,0x00,
  0x00,0x00,0x00,0x00,0x00,0xC0,0xFF,0x98,0x00,0x00,0x00,0x00,0x00,0x00,0x00,0x00,0x00,0x00,0xC0,0xFF,
  0x98,0x00,0x00,0x00,0x00,0x00,0x00,0x00,0x00,0x00,0x00,0xBD,0xFF,0xA4,0x00,0x00,0x00,0x00,0x00,0x00,
  0x00,0x00,0x00,0x00,0xA5,0xFF,0xD4,0x00,0x00,0x00,0x00,0x00,0x00,0x00,0x00,0x00,0x00,0x64,0xFF,0xFF,
  0x85,0x09,0x00,0x00,0x15,0x18,0x00,0x00,0x00,0x00,0x08,0xC6,0xFF,0xFF,0xFD,0xE7,0xF3,0xFF,0x6C,0x00,
  0x00,0x00,0x00,0x00,0x0A,0x77,0xC9,0xF0,0xFB,0xEB,0xC7,0x44,0x0C,0xFF,0xFF,0x4C,0x00,0x00,0x00,0x00,
  0x00,0x00,0xD0,0xFF,0x84,0x0C,0xFF,0xFF,0x4C,0x00,0x00,0x00,0x00,0x00,0x00,0xD0,0xFF,0x84,0x0C,0xFF,
  0xFF,0x4C,0x00,0x00,0x00,0x00,0x00,0x00,0xD0,0xFF,0x84,0x0C,0xFF,0xFF,0x4C,0x00,0x00,0x00,0x00,0x00,
  0x00,0xD0,0xFF,0x84,0x0C,0xFF,0xFF,0x4C,0x00,0x00,0x00,0x00,0x00,0x00,0xD0,0xFF,0x84,0x0C,0xFF,0xFF,
  0x4C,0x00,0x00,0x00,0x00,0x00,0x00,0xD0,0xFF,0x84,0x0C,0xFF,0xFF,0x4C,0x00,0x00,0x00,0x00,0x00,0x00,
  0xD0,0xFF,0x84,0x0C,0xFF,0xFF,0x4C,0x00,0x00,0x00,0x00,0x00,0x00,0xD5,0xFF,0x84,0x0C,0xFF,0xFF,0x4C,
  0x00,0x00,0x00,0x00,0x00,0x00,0xEA,0xFF,0x84,0x06,0xFF,0xFF,0x61,0x00,0x00,0x00,0x00,0x00,0x1F,0xFF,
  0xFF,0x84,0x00,0xEC,0xFF,0x9B,0x00,0x00,0x00,0x00,0x00,0x84,0xFF,0xFF,0x84,0x00,0xA5,0xFF,0xF9,0x5F,
  0x04,0x00,0x09,0x6A,0xFB,0xFA,0xFF,0x84,0x00,0x24,0xEE,0xFF,0xFF,0xFB,0xE6,0xF9,0xFF,0xAA,0x99,0xFF,
  0x84,0x00,0x00,0x23,0x9E,0xE2,0xFA,0xF1,0xC7,0x69,0x02,0x70,0xFF,0x84,0xA6,0xFF,0xBC,0x00,0x00,0x00,
  0x00,0x00,0x00,0x00,0x38,0xFF,0xFF,0x37,0x48,0xFF,0xFD,0x18,0x00,0x00,0x00,0x00,0x00,0x00,0x8F,0xFF,
  0xD8,0x00,0x03,0xE6,0xFF,0x6F,0x00,0x00,0x00,0x00,0x00,0x01,0xE4,0xFF,0x79,0x00,0x00,0x8C,0xFF,0xC9,
  0x00,0x00,0x00,0x00,0x00,0x3D,0xFF,0xFD,0x1D,0x00,0x00,0x2D,0xFF,0xFF,0x23,0x00,0x00,0x00,0x00,0x94,
  0xFF,0xBB,0x00,0x00,0x00,0x00,0xD0,0xFF,0x7C,0x00,0x00,0x00,0x02,0xE8,0xFF,0x5C,0x00,0x00,0x00,0x00,
  0x72,0xFF,0xD5,0x00,0x00,0x00,0x42,0xFF,0xF2,0x0A,0x00,0x00,0x00,0x00,0x17,0xFB,0xFF,0x2F,0x00,0x00,
  0x99,0xFF,0x9D,0x00,0x00,0x00,0x00,0x00,0x00,0xB6,0xFF,0x88,0x00,0x05,0xEC,0xFF,0x3E,0x00,0x00,0x00,
  0x00,0x00,0x00,0x58,0xFF,0xE0,0x01,0x4E,0xFF,0xDE,0x01,0x00,0x00,0x00,0x00,0x00,0x00,0x08,0xF0,0xFF,
  0x3A,0xA7,0xFF,0x80,0x00,0x00,0x00,0x00,0x00,0x00,0x00,0x00,0x9C,0xFF,0x9C,0xF4,0xFF,0x22,0x00,0x00,
  0x00,0x00,0x00,0x00,0x00,0x00,0x3E,0xFF,0xFF,0xFF,0xC2,0x00,0x00,0x00,0x00,0x00,0x00,0x00,0x00,0x00,
  0x01,0xDE,0xFF,0xFF,0x63,0x00,0x00,0x00,0x00,0x00,0x80,0xFF,0xAA,0x00,0x00,0x00,0x00,0x00,0x00,0x00,
  0x00,0x00,0x05,0xFB,0xFF,0x1E,0x57,0xFF,0xD0,0x00,0x00,0x00,0x00,0x00,0x00,0x00,0x00,0x00,0x29,0xFF,
  0xF4,0x01,0x2E,0xFF,0xF4,0x00,0x00,0x00,0x30,0x58,0x58,0x0B,0x00,0x00,0x51,0xFF,0xCB,0x00,0x08,0xFD,
  0xFF,0x1B,0x00,0x00,0xBF,0xFF,0xFF,0x4F,0x00,0x00,0x7A,0xFF,0xA1,0x00,0x00,0xDC,0xFF,0x40,0x00,0x0D,
  0xFA,0xFB,0xFF,0x95,0x00,0x00,0xA2,0xFF,0x78,0x00,0x00,0xB3,0xFF,0x66,0x00,0x52,0xFF,0xA2,0xFB,0xDB,
  0x00,0x00,0xCB,0xFF,0x4E,0x00,0x00,0x8B,0xFF,0x8B,0x00,0x9C,0xFF,0x59,0xCB,0xFF,0x22,0x00,0xF2,0xFF,
  0x24,0x00,0x00,0x62,0xFF,0xAE,0x00,0xE3,0xFF,0x17,0x8D,0xFF,0x67,0x18,0xFF,0xF8,0x02,0x00,0x00,0x39,
  0xFF,0xCE,0x24,0xFF,0xD1,0x00,0x4C,0xFF,0xAA,0x39,0xFF,0xD1,0x00,0x00,0x00,0x10,0xFF,0xE7,0x5D,0xFF,
  0x8D,0x00,0x0E,0xFC,0xE8,0x53,0xFF,0xA7,0x00,0x00,0x00,0x00,0xE7,0xFC,0x92,0xFF,0x4A,0x00,0x00,0xC9,
  0xFF,0x8A,0xFF,0x7D,0x00,0x00,0x00,0x00,0xBE,0xFF,0xCC,0xFB,0x0C,0x00,0x00,0x88,0xFF,0xCD,0xFF,0x54,
  0x00,0x00,0x00,0x00,0x95,0xFF,0xFF,0xC4,0x00,0x00,0x00,0x46,0xFF,0xFF,0xFF,0x2A,0x00,0x00,0x00,0x00,
  0x6C,0xFF,0xFF,0x81,0x00,0x00,0x00,0x0A,0xFA,0xFF,0xFB,0x05,0x00,0x00,0x37,0xFB,0xFF,0x6A,0x00,0x00,
  0x00,0x00,0x00,0x04,0xCA,0xFF,0xC8,0x05,0x00,0x77,0xFF,0xF6,0x29,0x00,0x00,0x00,0x00,0x86,0xFF,0xF0,
  0x20,0x00,0x00,0x01,0xBA,0xFF,0xCF,0x06,0x00,0x00,0x3E,0xFD,0xFF,0x55,0x00,0x00,0x00,0x00,0x18,0xE9,
  0xFF,0x8B,0x00,0x10,0xE1,0xFF,0x98,0x00,0x00,0x00,0x00,0x00,0x00,0x47,0xFE,0xFE,0x42,0xA8,0xFF,0xD3,
  0x09,0x00,0x00,0x00,0x00,0x00,0x00,0x00,0x8B,0xFF,0xF3,0xFF,0xF5,0x2A,0x00,0x00,0x00,0x00,0x00,0x00,
  0x00,0x00,0x05,0xCD,0xFF,0xFF,0x67,0x00,0x00,0x00,0x00,0x00,0x00,0x00,0x00,0x00,0x1A,0xEA,0xFF,0xFF,
  0x98,0x00,0x00,0x00,0x00,0x00,0x00,0x00,0x00,0x02,0xBF,0xFF,0xD1,0xFA,0xFF,0x56,0x00,0x00,0x00,0x00,
  0x00,0x00,0x00,0x80,0xFF,0xEE,0x1E,0x76,0xFF,0xF1,0x22,0x00,0x00,0x00,0x00,0x00,0x3F,0xFD,0xFF,0x54,
  0x00,0x01,0xBC,0xFF,0xCA,0x05,0x00,0x00,0x00,0x15,0xE5,0xFF,0x9A,0x00,0x00,0x00,0x19,0xEB,0xFF,0x8E,
  0x00,0x00,0x01,0xB6,0xFF,0xD7,0x0A,0x00,0x00,0x00,0x00,0x4D,0xFF,0xFF,0x4C,0x00,0x75,0xFF,0xF8,0x30,
  0x00,0x00,0x00,0x00,0x00,0x00,0x94,0xFF,0xEC,0x1C,0x9F,0xFF,0xA8,0x00,0x00,0x00,0x00,0x00,0x00,0x00,
  0x27,0xFF,0xFF,0x37,0x32,0xFF,0xFA,0x17,0x00,0x00,0x00,0x00,0x00,0x00,0x7E,0xFF,0xD6,0x00,0x00,0xC7,
  0xFF,0x7A,0x00,0x00,0x00,0x00,0x00,0x00,0xD5,0xFF,0x75,0x00,0x00,0x5B,0xFF,0xE0,0x02,0x00,0x00,0x00,
  0x00,0x2C,0xFF,0xFC,0x19,0x00,0x00,0x06,0xE8,0xFF,0x4D,0x00,0x00,0x00,0x00,0x83,0xFF,0xB4,0x00,0x00,
  0x00,0x00,0x83,0xFF,0xB6,0x00,0x00,0x00,0x00,0xD9,0xFF,0x53,0x00,0x00,0x00,0x00,0x1B,0xFB,0xFD,0x21,
  0x00,0x00,0x30,0xFF,0xEC,0x06,0x00,0x00,0x00,0x00,0x00,0xAB,0xFF,0x89,0x00,0x00,0x87,0xFF,0x92,0x00,
  0x00,0x00,0x00,0x00,0x00,0x3F,0xFF,0xEA,0x05,0x00,0xDC,0xFF,0x31,0x00,0x00,0x00,0x00,0x00,0x00,0x00,
  0xD2,0xFF,0x50,0x30,0xFF,0xD1,0x00,0x00,0x00,0x00,0x00,0x00,0x00,0x00,0x67,0xFF,0xA6,0x82,0xFF,0x70,
  0x00,0x00,0x00,0x00,0x00,0x00,0x00,0x00,0x0B,0xEF,0xF0,0xD6,0xFA,0x15,0x00,0x00,0x00,0x00,0x00,0x00,
  0x00,0x00,0x00,0x8F,0xFF,0xFF,0xAF,0x00,0x00,0x00,0x00,0x00,0x00,0x00,0x00,0x00,0x00,0x25,0xFF,0xFF,
  0x4E,0x00,0x00,0x00,0x00,0x00,0x00,0x00,0x00,0x00,0x00,0x3F,0xFF,0xE9,0x04,0x00,0x00,0x00,0x00,0x00,
  0x00,0x00,0x00,0x00,0x00,0xA7,0xFF,0x8C,0x00,0x00,0x00,0x00,0x00,0x00,0x00,0x00,0x00,0x00,0x26,0xFC,
  0xFE,0x25,0x00,0x00,0x00,0x00,0x00,0x00,0x00,0x00,0x00,0x23,0xD0,0xFF,0xA6,0x00,0x00,0x00,0x00,0x00,
  0x00,0x00,0x57,0xEB,0xE9,0xFF,0xFF,0xE4,0x17,0x00,0x00,0x00,0x00,0x00,0x00,0x00,0x48,0xEC,0xFB,0xE6,
  0x9F,0x1A,0x00,0x00,0x00,0x00,0x00,0x00,0x00,0x00,0x40,0xFF,0xFF,0xFF,0xFF,0xFF,0xFF,0xFF,0xFF,0xFF,
  0xFF,0x0C,0x38,0xE0,0xE0,0xE0,0xE0,0xE0,0xE0,0xE0,0xF0,0xFF,0xFF,0x0C,0x00,0x00,0x00,0x00,0x00,0x00,
  0x00,0x12,0xE0,0xFF,0xA7,0x00,0x00,0x00,0x00,0x00,0x00,0x00,0x01,0xB6,0xFF,0xD4,0x0B,0x00,0x00,0x00,
  0x00,0x00,0x00,0x00,0x7E,0xFF,0xF1,0x25,0x00,0x00,0x00,0x00,0x00,0x00,0x00,0x45,0xFD,0xFE,0x50,0x00,
  0x00,0x00,0x00,0x00,0x00,0x00,0x1D,0xEB,0xFF,0x86,0x00,0x00,0x00,0x00,0x00,0x00,0x00,0x05,0xC7,0xFF,
  0xBB,0x02,0x00,0x00,0x00,0x00,0x00,0x00,0x00,0x93,0xFF,0xE1,0x14,0x00,0x00,0x00,0x00,0x00,0x00,0x00,
  0x58,0xFF,0xF8,0x34,0x00,0x00,0x00,0x00,0x00,0x00,0x00,0x29,0xF3,0xFF,0x65,0x00,0x00,0x00,0x00,0x00,
  0x00,0x00,0x0C,0xD6,0xFF,0x9D,0x00,0x00,0x00,0x00,0x00,0x00,0x00,0x00,0x8F,0xFF,0xFF,0xE5,0xE0,0xE0,
  0xE0,0xE0,0xE0,0xE0,0xE0,0x3B,0xA8,0xFF,0xFF,0xFF,0xFF,0xFF,0xFF,0xFF,0xFF,0xFF,0xFF,0x44,0x00,0x00,
  0x00,0x00,0x00,0x22,0x92,0xD2,0xE5,0x00,0x00,0x00,0x00,0x4D,0xF9,0xFF,0xFF,0xE3,0x00,0x00,0x00,0x02,
  0xE5,0xFF,0xC7,0x25,0x00,0x00,0x00,0x00,0x24,0xFF,0xFF,0x37,0x00,0x00,0x00,0x00,0x00,0x30,0xFF,0xFF,
  0x15,0x00,0x00,0x00,0x00,0x00,0x30,0xFF,0xFF,0x14,0x00,0x00,0x00,0x00,0x00,0x30,0xFF,0xFF,0x14,0x00,
  0x00,0x00,0x00,0x00,0x31,0xFF,0xFF,0x13,0x00,0x00,0x00,0x00,0x00,0x54,0xFF,0xF8,0x03,0x00,0x00,0x00,
  0x00,0x35,0xDB,0xFF,0xA4,0x00,0x00,0x00,0x52,0xF5,0xFF,0xE6,0x8B,0x09,0x00,0x00,0x00,0x5C,0xFF,0xFF,
  0xCE,0x6D,0x02,0x00,0x00,0x00,0x01,0x16,0x58,0xEB,0xFF,0x93,0x00,0x00,0x00,0x00,0x00,0x00,0x5F,0xFF,
  0xF6,0x02,0x00,0x00,0x00,0x00,0x00,0x33,0xFF,0xFF,0x13,0x00,0x00,0x00,0x00,0x00,0x30,0xFF,0xFF,0x14,
  0x00,0x00,0x00,0x00,0x00,0x30,0xFF,0xFF,0x14,0x00,0x00,0x00,0x00,0x00,0x30,0xFF,0xFF,0x14,0x00,0x00,
  0x00,0x00,0x00,0x25,0xFF,0xFF,0x33,0x00,0x00,0x00,0x00,0x00,0x03,0xEA,0xFF,0xC0,0x1F,0x00,0x00,0x00,
  0x00,0x00,0x59,0xFD,0xFF,0xFF,0xE1,0x00,0x00,0x00,0x00,0x00,0x36,0xA5,0xE1,0xEE,0x24,0xFF,0xC4,0x24,
  0xFF,0xC4,0x24,0xFF,0xC4,0x24,0xFF,0xC4,0x24,0xFF,0xC4,0x24,0xFF,0xC4,0x24,0xFF,0xC4,0x24,0xFF,0xC4,
  0x24,0xFF,0xC4,0x24,0xFF,0xC4,0x24,0xFF,0xC4,0x24,0xFF,0xC4,0x24,0xFF,0xC4,0x24,0xFF,0xC4,0x24,0xFF,
  0xC4,0x24,0xFF,0xC4,0x24,0xFF,0xC4,0x24,0xFF,0xC4,0x24,0xFF,0xC4,0x24,0xFF,0xC4,0x24,0xFF,0xC4,0x24,
  0xFF,0xC4,0x24,0xFF,0xC4,0x24,0xFF,0xC4,0x24,0xFF,0xC4,0x5A,0xF2,0xCC,0x7C,0x0D,0x00,0x00,0x00,0x00,
  0x52,0xF8,0xFF,0xFF,0xD8,0x12,0x00,0x00,0x00,0x00,0x01,0x53,0xF7,0xFF,0x85,0x00,0x00,0x00,0x00,0x00,
  0x00,0x9C,0xFF,0xBD,0x00,0x00,0x00,0x00,0x00,0x00,0x7C,0xFF,0xC8,0x00,0x00,0x00,0x00,0x00,0x00,0x7C,
  0xFF,0xC8,0x00,0x00,0x00,0x00,0x00,0x00,0x7C,0xFF,0xC8,0x00,0x00,0x00,0x00,0x00,0x00,0x7B,0xFF,0xCB,
  0x00,0x00,0x00,0x00,0x00,0x00,0x62,0xFF,0xF0,0x06,0x00,0x00,0x00,0x00,0x00,0x12,0xEA,0xFF,0xAF,0x31,
  0x0A,0x00,0x00,0x00,0x00,0x1F,0x9B,0xEE,0xFF,0xF4,0x00,0x00,0x00,0x00,0x31,0xB8,0xF9,0xFE,0xE0,0x00,
  0x00,0x00,0x19,0xF2,0xFF,0x93,0x13,0x00,0x00,0x00,0x00,0x65,0xFF,0xEA,0x01,0x00,0x00,0x00,0x00,0x00,
  0x7B,0xFF,0xC9,0x00,0x00,0x00,0x00,0x00,0x00,0x7C,0xFF,0xC8,0x00,0x00,0x00,0x00,0x00,0x00,0x7C,0xFF,
  0xC8,0x00,0x00,0x00,0x00,0x00,0x00,0x7D,0xFF,0xC7,0x00,0x00,0x00,0x00,0x00,0x00,0x9F,0xFF,0xBB,0x00,
  0x00,0x00,0x00,0x02,0x55,0xF9,0xFF,0x7E,0x00,0x00,0x00,0x52,0xF7,0xFF,0xFF,0xD1,0x0D,0x00,0x00,0x00,
  0x5A,0xE6,0xC3,0x66,0x08,0x00,0x00,0x00,0x00,0x00,0x00,0x52,0xC8,0xD2,0x84,0x0A,0x00,0x00,0x00,0x06,
  0xDD,0x7C,0x00,0x33,0xFD,0xFF,0xFF,0xFF,0xD4,0x20,0x00,0x00,0x35,0xFF,0x65,0x00,0x96,0xFA,0x40,0x17,
  0xA7,0xFF,0xE9,0x3D,0x00,0x9C,0xFF,0x1D,0x00,0xDB,0xB7,0x00,0x00,0x01,0x81,0xFE,0xFF,0xEF,0xFF,0xB9,
  0x00,0x05,0xFC,0x87,0x00,0x00,0x00,0x00,0x4C,0xD1,0xF7,0xBD,0x18,0x00,0x0D,0x53,0x61,0x6E,0x73,0x4D,
  0x6F,0x6E,0x6F,0x32,0x36,0x56,0x6C,0x77,0x0D,0x53,0x61,0x6E,0x73,0x4D,0x6F,0x6E,0x6F,0x32,0x36,0x56,
  0x6C,0x77,0x01,
};
